,Word1,Word2,Word1_Syll,Word2_Syll,Word1_Freq,Word2_Freq
0,precipitous,steep,4,1,0.12,2.45
1,abrupt,steep,2,1,1.14,2.45
2,mystical,mysterious,3,4,2.82,15
3,dim,mysterious,1,4,4.76,15
4,secret,mysterious,2,4,109.51,15
5,enigmatic,mysterious,4,4,0.22,15
6,stout,fat,1,1,1.04,79.43
7,fleshy,fat,2,1,0.57,79.43
8,juicy,fat,2,1,4.29,79.43
9,stout,bulky,1,2,1.04,0.51
10,big,bulky,1,2,682.82,0.51
11,insulting,abusive,3,3,5.37,1.63
12,foul,abusive,1,3,14.47,1.63
13,scurrilous,abusive,3,3,0.18,1.63
14,heavy,deep,2,1,47.29,76.39
15,grave,deep,1,1,26.27,76.39
16,thick,deep,1,1,13.98,76.39
17,rich,deep,1,1,80.39,76.39
18,intense,deep,2,1,10.2,76.39
19,heavy,fleshy,2,2,47.29,0.57
20,heavy,weighty,2,2,47.29,0.24
21,serious,weighty,3,2,148.35,0.24
22,heavy,violent,2,3,47.29,16.67
23,strong,violent,1,3,86.86,16.67
24,furious,violent,3,3,6,16.67
25,severe,violent,2,3,9.41,16.67
26,heavy,sound,2,1,47.29,143.39
27,intact,sound,2,1,6.35,143.39
28,strong,sound,1,1,86.86,143.39
29,robust,sound,2,1,0.71,143.39
30,fresh,sound,1,1,54.51,143.39
31,fast,sound,1,1,137.45,143.39
32,logical,sound,3,1,7.39,143.39
33,wholesome,sound,2,1,1.59,143.39
34,heavy,leaden,2,2,47.29,0.1
35,heavy,hard,2,1,47.29,307.84
36,sad,hard,1,1,63.37,307.84
37,concentrated,hard,4,1,1.94,307.84
38,horny,hard,2,1,8.39,307.84
39,heavy,oppressive,2,3,47.29,0.92
40,preposterous,ridiculous,4,4,3.04,55.61
41,farcical,ridiculous,3,4,0.12,55.61
42,nonsensical,ridiculous,4,4,0.25,55.61
43,pretty,mean,2,1,392.22,1243.98
44,despicable,mean,4,1,2.1,1243.98
45,sorry,mean,2,1,1167.96,1243.98
46,poor,mean,1,1,129.08,1243.98
47,vulgar,mean,2,1,3.27,1243.98
48,small,mean,1,1,124.96,1243.98
49,hateful,mean,2,1,2,1243.98
50,dirty,mean,2,1,66.45,1243.98
51,pretty,fine,2,1,392.22,598.08
52,grand,fine,1,1,63.02,598.08
53,magnificent,fine,4,1,13.22,598.08
54,showy,fine,2,1,0.29,598.08
55,superb,fine,2,1,2.88,598.08
56,pretty,neat,2,1,392.22,12.45
57,straight,neat,1,1,122.43,12.45
58,great,neat,1,1,820.86,12.45
59,tidy,neat,2,1,3.71,12.45
60,primitive,ancient,3,2,5.16,21.67
61,obsolete,ancient,3,2,1.92,21.67
62,primitive,original,3,4,5.16,28.24
63,old,original,1,4,608.94,28.24
64,new,original,1,4,723.78,28.24
65,primary,original,3,4,8.71,28.24
66,prime,original,1,4,18.29,28.24
67,pristine,original,2,4,0.76,28.24
68,archetypal,original,3,4,0.14,28.24
69,colloquial,informal,4,3,0.06,1.69
70,strong,influential,1,4,86.86,1.59
71,important,influential,3,4,207.59,1.59
72,potent,influential,2,4,1.49,1.59
73,strong,impregnable,1,4,86.86,0.57
74,strong,ardent,1,2,86.86,0.59
75,enthusiastic,ardent,5,2,2.78,0.59
76,passionate,ardent,3,2,6,0.59
77,zealous,ardent,2,2,0.29,0.59
78,strong,sticky,1,2,86.86,5.73
79,strong,stiff,1,1,86.86,10.25
80,tough,stiff,1,1,90.51,10.25
81,firm,stiff,1,1,35.27,10.25
82,strong,energetic,1,4,86.86,1.29
83,vigorous,energetic,3,4,0.69,1.29
84,industrious,energetic,4,4,0.33,1.29
85,strong,firm,1,1,86.86,35.27
86,loyal,firm,2,1,12,35.27
87,hard,firm,1,1,307.84,35.27
88,steadfast,firm,2,1,0.43,35.27
89,sturdy,firm,2,1,1.69,35.27
90,famous,celebrated,2,4,45.02,2.71
91,renowned,celebrated,2,4,1.31,2.71
92,distinguished,celebrated,3,4,6.18,2.71
93,eminent,celebrated,3,4,1.65,2.71
94,famous,excellent,2,3,45.02,52.71
95,great,excellent,1,3,820.86,52.71
96,good,excellent,1,3,2610.14,52.71
97,worthy,excellent,2,3,10.33,52.71
98,superb,excellent,2,3,2.88,52.71
99,famous,notable,2,3,45.02,0.61
100,renowned,notable,2,3,1.31,0.61
101,conspicuous,notable,4,3,1.47,0.61
102,famed,notable,1,3,0.82,0.61
103,prominent,notable,3,3,2.55,0.61
104,famous,brilliant,2,2,45.02,35.8
105,splendid,brilliant,2,2,11.67,35.8
106,vivid,brilliant,2,2,2.04,35.8
107,smart,brilliant,1,2,96.25,35.8
108,magnificent,brilliant,4,2,13.22,35.8
109,famous,heroic,2,3,45.02,4.59
110,grand,heroic,1,3,63.02,4.59
111,fearless,heroic,2,3,2.98,4.59
112,gallant,heroic,2,3,3.27,4.59
113,streamlined,aerodynamic,2,5,0.37,0.43
114,wild,irregular,1,4,57.31,2.53
115,informal,irregular,3,4,1.69,2.53
116,interrupted,irregular,4,4,5.24,2.53
117,wild,ferocious,1,3,57.31,1.55
118,wild,barbarian,1,4,57.31,1.8
119,wild,savage,1,2,57.31,7.16
120,cruel,savage,2,2,18.35,7.16
121,inhuman,savage,3,2,1.78,7.16
122,wild,unfounded,1,3,57.31,0.61
123,gratuitous,unfounded,4,3,0.35,0.61
124,unwarranted,unfounded,4,3,0.37,0.61
125,integrated,structured,4,2,1.08,0.67
126,integrated,mixed,4,1,1.08,21.37
127,familiar,fresh,3,1,34.51,54.51
128,novel,fresh,2,1,10.06,54.51
129,quick,fresh,1,1,108.67,54.51
130,clean,fresh,1,1,121.24,54.51
131,familiar,accessible,3,4,34.51,1.1
132,familiar,common,3,2,34.51,44.61
133,bent,common,1,2,7.22,44.61
134,trivial,common,3,2,1.82,44.61
135,promiscuous,common,3,2,1.02,44.61
136,vernacular,common,4,2,0.49,44.61
137,female,feminine,2,3,31.61,4.57
138,steep,high,1,1,2.45,195
139,angry,high,2,1,58.98,195
140,important,high,3,1,207.59,195
141,haughty,high,2,1,0.41,195
142,arrogant,high,3,1,5.22,195
143,towering,high,3,1,0.63,195
144,steep,precipitous,1,4,2.45,0.12
145,naturalistic,realistic,5,4,0.06,4.61
146,pragmatic,realistic,3,4,0.59,4.61
147,splendid,great,2,1,11.67,820.86
148,infinite,great,3,1,3.49,820.86
149,immense,great,2,1,1.61,820.86
150,gross,great,1,1,15.27,820.86
151,excellent,great,3,1,52.71,820.86
152,thick,great,1,1,13.98,820.86
153,outstanding,great,3,1,7.45,820.86
154,splendid,famous,2,2,11.67,45.02
155,renowned,famous,2,2,1.31,45.02
156,famed,famous,1,2,0.82,45.02
157,eminent,famous,3,2,1.65,45.02
158,noted,famous,2,2,4.8,45.02
159,spirited,fiery,3,3,1.22,2.02
160,spirited,lively,3,2,1.22,4.06
161,joyous,lively,2,2,1.35,4.06
162,bright,lively,1,2,44.41,4.06
163,alive,lively,2,2,154.47,4.06
164,quick,lively,1,2,108.67,4.06
165,alert,lively,2,2,20.61,4.06
166,cheerful,lively,2,2,3.73,4.06
167,cheery,lively,2,2,1.06,4.06
168,sparkling,lively,2,2,2,4.06
169,spirited,active,3,2,1.22,11.45
170,alive,active,2,2,154.47,11.45
171,quick,active,1,2,108.67,11.45
172,actual,active,3,2,17.33,11.45
173,alert,active,2,2,20.61,11.45
174,kinetic,active,3,2,0.63,11.45
175,energetic,active,4,2,1.29,11.45
176,literal,actual,3,3,1.35,17.33
177,substantial,actual,3,3,3.57,17.33
178,factual,actual,3,3,0.53,17.33
179,positive,actual,3,3,31.63,17.33
180,bare,unadorned,1,3,8.33,0.12
181,bare,stripped,1,1,8.33,3.59
182,bare,simple,1,2,8.33,89.31
183,low,simple,1,2,59.14,89.31
184,naked,simple,2,2,39.25,89.31
185,unmixed,simple,2,2,0.02,89.31
186,bare,plain,1,1,8.33,21.82
187,intelligible,plain,5,1,0.06,21.82
188,blunt,plain,1,1,4.9,21.82
189,usual,plain,3,1,37.24,21.82
190,broad,plain,1,1,14.73,21.82
191,clear,plain,1,1,171.82,21.82
192,popular,plain,3,1,23.08,21.82
193,explicit,plain,3,1,1.39,21.82
194,bare,barren,1,2,8.33,1.47
195,sterile,barren,2,2,2.18,1.47
196,free,barren,1,2,177.53,1.47
197,desolate,barren,3,2,0.98,1.47
198,bare,naked,1,2,8.33,39.25
199,low,coarse,1,1,59.14,1.35
200,broad,coarse,1,1,14.73,1.35
201,vulgar,coarse,2,1,3.27,1.35
202,brutal,coarse,2,1,7.35,1.35
203,low,feeble,1,2,59.14,1.69
204,low,small,1,1,59.14,124.96
205,petite,small,2,1,1.06,124.96
206,unimportant,small,4,1,2.45,124.96
207,low,light,1,1,59.14,165.2
208,frivolous,light,3,1,1.2,165.2
209,clean,light,1,1,121.24,165.2
210,collective,corporate,3,3,2.39,10.22
211,sad,pitiful,1,3,63.37,3.84
212,sad,touching,1,2,63.37,17.41
213,sad,sorrowful,1,3,63.37,0.39
214,noble,sublime,2,2,14.59,1.45
215,elevated,sublime,4,2,2.49,1.45
216,noble,honorable,2,4,14.59,7.24
217,high,honorable,1,4,195,7.24
218,virtuous,honorable,3,4,1.73,7.24
219,respectable,honorable,4,4,5.65,7.24
220,generous,honorable,3,4,16.71,7.24
221,noble,free,2,1,14.59,177.53
222,liberal,free,3,1,3.98,177.53
223,abundant,free,3,1,0.57,177.53
224,vacant,free,2,1,2.65,177.53
225,destitute,free,3,1,0.71,177.53
226,unobstructed,free,4,1,0.14,177.53
227,untrammeled,free,3,1,0.06,177.53
228,immune,free,2,1,4.33,177.53
229,noble,renowned,2,2,14.59,1.31
230,notorious,renowned,4,2,3.71,1.31
231,fit,prepared,1,2,57.59,35.78
232,fit,suitable,1,3,57.59,4.84
233,adequate,suitable,3,3,2.59,4.84
234,due,suitable,1,3,44.61,4.84
235,good,suitable,1,3,2610.14,4.84
236,right,suitable,1,3,4008.39,4.84
237,ready,suitable,2,3,387.8,4.84
238,reasonable,suitable,4,3,18.55,4.84
239,pertinent,suitable,3,3,1.18,4.84
240,convenient,suitable,3,3,8.55,4.84
241,compatible,suitable,4,3,2.35,4.84
242,eligible,suitable,4,3,3.31,4.84
243,fit,worthy,1,2,57.59,10.33
244,deserving,worthy,3,2,0.98,10.33
245,other,additional,2,4,735.39,5.88
246,collateral,additional,4,4,3.39,5.88
247,supplemental,additional,4,4,0.59,5.88
248,wooded,overgrown,2,3,0.33,0.96
249,lone,single,1,2,5.25,72.08
250,several,single,2,2,38.78,72.08
251,only,single,2,2,1083.71,72.08
252,singular,single,3,2,1.27,72.08
253,undivided,single,4,2,0.92,72.08
254,unique,single,2,2,13.65,72.08
255,lone,only,1,2,5.25,1083.71
256,solitary,only,4,2,3.41,1083.71
257,hilarious,funny,4,2,5.78,218.18
258,odd,funny,1,2,24.04,218.18
259,comic,funny,2,2,10.82,218.18
260,peculiar,funny,3,2,7.55,218.18
261,grotesque,funny,2,2,1.57,218.18
262,interesting,funny,3,2,86.69,218.18
263,waterlogged,swampy,3,2,0.14,0.2
264,waterlogged,marshy,3,2,0.14,0.06
265,swampy,marshy,2,2,0.2,0.06
266,entire,undivided,3,4,79.8,0.92
267,whole,undivided,1,4,385.49,0.92
268,entire,whole,3,1,79.8,385.49
269,integral,whole,3,1,0.73,385.49
270,tight,whole,1,1,50.92,385.49
271,unfair,unjustified,2,4,9.84,0.16
272,unwarranted,unjustified,4,4,0.37,0.16
273,unfair,disproportionate,2,5,9.84,0.25
274,unfair,prejudiced,2,3,9.84,1.86
275,unfair,biased,2,2,9.84,0.92
276,partial,biased,2,2,4.84,0.92
277,stationary,immovable,4,4,0.96,0.16
278,wide,broad,1,1,23.8,14.73
279,liberal,broad,3,1,3.98,14.73
280,spacious,broad,2,1,1.14,14.73
281,extensive,broad,3,1,3.71,14.73
282,pronounced,broad,2,1,2.98,14.73
283,capacious,broad,3,1,0.06,14.73
284,global,broad,2,1,6.29,14.73
285,wide,distant,1,2,23.8,8.61
286,icy,distant,2,2,2.65,8.61
287,reserved,distant,2,2,5.06,8.61
288,foreign,distant,2,2,22.29,8.61
289,lusty,strong,2,1,0.61,86.86
290,valid,strong,2,1,3.22,86.86
291,high,strong,1,1,195,86.86
292,brawny,strong,2,1,0.18,86.86
293,tough,strong,1,1,90.51,86.86
294,insoluble,strong,4,1,0.14,86.86
295,sound,strong,1,1,143.39,86.86
296,fast,strong,1,1,137.45,86.86
297,masculine,strong,3,1,2.45,86.86
298,cogent,strong,2,1,0.22,86.86
299,alcoholic,strong,4,1,6.2,86.86
300,impregnable,strong,4,1,0.57,86.86
301,lasting,stable,2,2,2.35,13.2
302,unchanging,stable,3,2,0.16,13.2
303,incompatible,inappropriate,5,5,0.55,6.63
304,stale,moldy,1,2,2.92,0.59
305,covert,secret,2,2,2.9,109.51
306,mysterious,secret,4,2,15,109.51
307,close,secret,1,2,219.43,109.51
308,privy,secret,2,2,1.49,109.51
309,hidden,secret,2,2,21.27,109.51
310,confidential,secret,4,2,6.71,109.51
311,undercover,secret,4,2,11.73,109.51
312,mystic,secret,2,2,1.45,109.51
313,notable,evident,3,3,0.61,1.33
314,plain,evident,1,3,21.82,1.33
315,bright,evident,1,3,44.41,1.33
316,notable,prominent,3,3,0.61,2.55
317,distinct,prominent,2,3,3.04,2.55
318,notable,noted,3,2,0.61,4.8
319,dim,slow,1,1,4.76,76.02
320,moderate,slow,3,1,1.24,76.02
321,boring,slow,2,1,27.41,76.02
322,late,slow,1,1,269.73,76.02
323,tiresome,slow,3,1,1.45,76.02
324,lazy,slow,2,1,11.59,76.02
325,strange,slow,1,1,86.43,76.02
326,gradual,slow,3,1,0.75,76.02
327,dim,dull,1,1,4.76,12.08
328,flat,dull,1,1,26.22,12.08
329,stupid,dull,2,1,184.41,12.08
330,dense,dull,1,1,2.12,12.08
331,depressing,dull,3,1,6.35,12.08
332,obtuse,dull,2,1,0.25,12.08
333,despicable,low,4,1,2.1,59.14
334,moderate,low,3,1,1.24,59.14
335,blue,low,1,1,102.39,59.14
336,weak,low,1,1,31.51,59.14
337,depressed,low,2,1,16.27,59.14
338,vulgar,low,2,1,3.27,59.14
339,humble,low,2,1,9.8,59.14
340,record,low,2,1,85.59,59.14
341,earthly,low,2,1,1.49,59.14
342,devoted,constant,3,2,8.02,9.92
343,continual,constant,4,2,0.31,9.92
344,continuous,constant,4,2,1.92,9.92
345,uniform,constant,3,2,24.82,9.92
346,devoted,zealous,3,2,8.02,0.29
347,ardent,zealous,2,2,0.59,0.29
348,conditional,subject,4,2,0.31,36.96
349,conditional,contingent,4,3,0.31,1.08
350,underground,hidden,3,2,12.02,21.27
351,mysterious,hidden,4,2,15,21.27
352,underground,subterranean,3,5,12.02,0.65
353,brittle,fragile,2,2,1.39,5.14
354,brittle,crisp,2,1,1.39,3.16
355,short,crisp,1,1,85.63,3.16
356,unable,ineffectual,3,5,10.25,0.45
357,unable,helpless,3,2,10.25,11.14
358,useless,helpless,2,2,19.94,11.14
359,defenseless,helpless,3,2,1.33,11.14
360,unable,ineffective,3,4,10.25,0.59
361,unable,impotent,3,3,10.25,2.08
362,silly,stupid,2,2,57.1,184.41
363,senseless,stupid,2,2,2.57,184.41
364,thick,stupid,1,2,13.98,184.41
365,crass,stupid,1,2,0.71,184.41
366,flat,boring,1,2,26.22,27.41
367,slow,boring,1,2,76.02,27.41
368,dull,boring,1,2,12.08,27.41
369,tedious,boring,3,2,1.43,27.41
370,flat,level,1,2,26.22,51.63
371,plain,level,1,2,21.82,51.63
372,flat,depressed,1,2,26.22,16.27
373,despondent,depressed,3,2,0.47,16.27
374,flat,dead,1,1,26.22,448.98
375,obsolete,dead,3,1,1.92,448.98
376,deceased,dead,2,1,6.29,448.98
377,stagnant,dead,2,1,0.27,448.98
378,flat,vocal,1,2,26.22,2.96
379,outspoken,vocal,3,2,0.49,2.96
380,impolite,rude,3,1,1.29,22.06
381,impertinent,rude,4,1,1.08,22.06
382,violent,rude,3,1,16.67,22.06
383,offensive,rude,3,1,6.41,22.06
384,obsolete,old,3,1,1.92,608.94
385,gray,old,1,1,21.12,608.94
386,antiquated,old,4,1,0.55,608.94
387,obsolete,antiquated,3,4,1.92,0.55
388,old,antiquated,1,4,608.94,0.55
389,obsolete,obscure,3,2,1.92,2.59
390,deep,obscure,1,2,76.39,2.59
391,obsolete,extinct,3,2,1.92,2.51
392,dead,extinct,1,2,448.98,2.51
393,comprehensive,thorough,4,2,1.14,4.71
394,exhaustive,thorough,3,2,0.55,4.71
395,comprehensive,wide,4,1,1.14,23.8
396,broad,wide,1,1,14.73,23.8
397,extensive,wide,3,1,3.71,23.8
398,vast,wide,1,1,6.1,23.8
399,adequate,competent,3,3,2.59,2.43
400,able,competent,2,3,159.9,2.43
401,capable,competent,3,3,20.82,2.43
402,efficient,competent,3,3,4.96,2.43
403,adequate,decent,3,2,2.59,28.1
404,moderate,decent,3,2,1.24,28.1
405,proper,decent,2,2,25.27,28.1
406,adequate,capable,3,3,2.59,20.82
407,able,capable,2,3,159.9,20.82
408,adequate,sufficient,3,3,2.59,4.76
409,valid,sufficient,2,3,3.22,4.76
410,competent,sufficient,3,3,2.43,4.76
411,adequate,equal,3,2,2.59,13.37
412,equivalent,equal,4,2,2.63,13.37
413,tame,domestic,1,3,2.73,6.88
414,economic,domestic,4,3,4.96,6.88
415,tame,mild,1,1,2.73,4.8
416,moderate,mild,3,1,1.24,4.8
417,smooth,mild,1,1,18.27,4.8
418,sweet,mild,1,1,145.2,4.8
419,peaceful,mild,2,1,11.24,4.8
420,soft,mild,1,1,32.02,4.8
421,balmy,mild,2,1,0.57,4.8
422,rough,crude,1,1,37.39,3.04
423,rude,crude,1,1,22.06,3.04
424,rough,fierce,1,1,37.39,4.78
425,rough,approximate,1,4,37.39,1.25
426,rough,ragged,1,2,37.39,1.57
427,rough,boisterous,1,3,37.39,0.24
428,rough,uncut,1,2,37.39,0.78
429,classical,canonical,3,4,4.39,0.02
430,optimistic,hopeful,4,2,3.39,2.98
431,joyous,happy,2,2,1.35,333.2
432,white,happy,1,2,171.45,333.2
433,glad,happy,1,2,171.37,333.2
434,fortunate,happy,3,2,8.22,333.2
435,blessed,happy,1,2,13.8,333.2
436,carefree,happy,2,2,1.35,333.2
437,abrupt,sharp,2,1,1.14,23.78
438,angry,sharp,2,1,58.98,23.78
439,smart,sharp,1,1,96.25,23.78
440,witty,sharp,2,1,3.2,23.78
441,cruel,sharp,2,1,18.35,23.78
442,incisive,sharp,3,1,0.16,23.78
443,trenchant,sharp,2,1,0.04,23.78
444,sarcastic,sharp,3,1,2.61,23.78
445,eager,sharp,2,1,6.86,23.78
446,violent,sharp,3,1,16.67,23.78
447,angular,sharp,3,1,0.14,23.78
448,square,sharp,1,1,31.76,23.78
449,pungent,sharp,2,1,0.39,23.78
450,overbearing,bossy,4,2,0.96,1.75
451,overbearing,tyrannical,4,4,0.96,0.29
452,overbearing,insolent,4,3,0.96,1.2
453,rude,insolent,1,3,22.06,1.2
454,overbearing,arrogant,4,3,0.96,5.22
455,presumptuous,arrogant,4,3,1.35,5.22
456,proud,arrogant,1,3,83.63,5.22
457,pompous,arrogant,2,3,2.39,5.22
458,imperious,arrogant,4,3,0.29,5.22
459,unsure,shy,2,1,1.02,18.37
460,meritorious,deserving,5,3,0.25,0.98
461,worthy,deserving,2,3,10.33,0.98
462,minor,underage,2,3,12.82,2.18
463,infinite,countless,3,2,3.49,2.37
464,infinite,perfect,3,2,3.49,158.65
465,circular,perfect,3,2,1.59,158.65
466,average,normal,3,2,16.65,70.37
467,plain,normal,1,2,21.82,70.37
468,formal,normal,2,2,8.31,70.37
469,average,usual,3,3,16.65,37.24
470,customary,usual,4,3,2.18,37.24
471,ordinary,usual,4,3,19.08,37.24
472,habitual,usual,4,3,0.51,37.24
473,average,medium,3,3,16.65,7.1
474,intermediate,medium,5,3,0.45,7.1
475,ordinary,medium,4,3,19.08,7.1
476,average,median,3,3,16.65,0.39
477,thoughtful,considerate,2,4,7.8,3.43
478,thoughtful,deliberate,2,4,7.8,2.84
479,cool,deliberate,1,4,195.88,2.84
480,thoughtful,concerned,2,2,7.8,44.33
481,tyrannical,dictatorial,4,5,0.29,0.14
482,fair,upright,1,2,94.75,3.02
483,vertical,upright,3,2,2.76,3.02
484,fair,beautiful,1,3,94.75,279.73
485,hot,beautiful,1,3,189.84,279.73
486,gorgeous,beautiful,2,3,24.06,279.73
487,exquisite,beautiful,3,3,4.18,279.73
488,fine,beautiful,1,3,598.08,279.73
489,lovely,beautiful,2,3,95.16,279.73
490,fair,pleasant,1,2,94.75,21.02
491,pleasing,pleasant,2,2,1.55,21.02
492,agreeable,pleasant,4,2,1.59,21.02
493,fair,clean,1,1,94.75,121.24
494,empty,clean,2,1,47.24,121.24
495,neat,clean,1,1,12.45,121.24
496,fair,candid,1,2,94.75,2
497,honest,candid,2,2,72.33,2
498,blunt,candid,1,2,4.9,2
499,open,candid,2,2,320.41,2
500,fair,pale,1,1,94.75,8.02
501,pallid,pale,2,1,0.16,8.02
502,fair,handsome,1,2,94.75,33.02
503,big,handsome,1,2,682.82,33.02
504,accountable,answerable,4,4,1.41,0.18
505,accountable,responsible,4,4,1.41,45.06
506,opulent,rich,3,1,0.14,80.39
507,robust,rich,2,1,0.71,80.39
508,wealthy,rich,2,1,7.37,80.39
509,ample,rich,2,1,1.82,80.39
510,abundant,rich,3,1,0.57,80.39
511,deep,rich,1,1,76.39,80.39
512,exuberant,rich,4,1,0.24,80.39
513,fertile,rich,2,1,1.57,80.39
514,melodious,rich,4,1,0.16,80.39
515,affluent,rich,3,1,0.29,80.39
516,plentiful,rich,3,1,0.29,80.39
517,due,exact,1,2,44.61,22.63
518,accurate,exact,3,2,7.84,22.63
519,formal,exact,2,2,8.31,22.63
520,TRUE,exact,1,2,253.35,22.63
521,precise,exact,2,2,5.2,22.63
522,due,right,1,1,44.61,4008.39
523,correct,right,2,1,44.94,4008.39
524,due,fit,1,1,44.61,57.59
525,hot,fit,1,1,189.84,57.59
526,convenient,fit,3,1,8.55,57.59
527,hot,tasty,1,2,189.84,6.31
528,hot,glowing,1,2,189.84,3.53
529,hot,acrid,1,2,189.84,0.04
530,hot,brisk,1,1,189.84,1.04
531,breezy,brisk,2,1,0.78,1.04
532,hot,blistering,1,3,189.84,0.47
533,rugged,rough,2,1,2,37.39
534,boisterous,rough,3,1,0.24,37.39
535,coarse,rough,1,1,1.35,37.39
536,severe,rough,2,1,9.41,37.39
537,crude,rough,1,1,3.04,37.39
538,harsh,rough,1,1,7.1,37.39
539,rustic,rough,2,1,0.78,37.39
540,hairy,rough,2,1,6.31,37.39
541,raucous,rough,2,1,0.31,37.39
542,rowdy,rough,2,1,1.02,37.39
543,rugged,robust,2,2,2,0.71
544,vigorous,robust,3,2,0.69,0.71
545,angry,wild,2,1,58.98,57.31
546,furious,wild,3,1,6,57.31
547,feral,wild,2,1,0.18,57.31
548,unfounded,wild,3,1,0.61,57.31
549,weird,wild,1,1,101.1,57.31
550,angry,displeased,2,2,58.98,0.76
551,angry,black,2,1,58.98,167.94
552,morbid,black,2,1,2.59,167.94
553,dark,black,1,1,88.61,167.94
554,fatal,black,2,1,7.1,167.94
555,bleak,black,1,1,1.08,167.94
556,malevolent,black,4,1,0.35,167.94
557,angry,troublesome,2,3,58.98,1.55
558,angry,dark,2,1,58.98,88.61
559,colored,dark,2,1,7.39,88.61
560,moody,dark,2,1,2.25,88.61
561,sullen,dark,2,1,0.57,88.61
562,sour,dark,2,1,5.82,88.61
563,troubled,dark,2,1,6.78,88.61
564,murky,dark,2,1,0.61,88.61
565,shady,dark,2,1,2.35,88.61
566,angry,exasperated,2,5,58.98,0.16
567,swift,rapid,1,2,3.86,4.37
568,prevalent,powerful,3,3,0.31,35.12
569,valid,powerful,2,3,3.22,35.12
570,vigorous,powerful,3,3,0.69,35.12
571,great,powerful,1,3,820.86,35.12
572,hard,powerful,1,3,307.84,35.12
573,impressive,powerful,3,3,16.96,35.12
574,potential,powerful,3,3,18.82,35.12
575,prevalent,successful,3,3,0.31,20.33
576,lucky,successful,2,3,143.45,20.33
577,happy,successful,2,3,333.2,20.33
578,irregular,eccentric,4,3,2.53,3.51
579,irregular,crooked,4,2,2.53,5.69
580,corrupt,crooked,2,2,5.31,5.69
581,bent,crooked,1,2,7.22,5.69
582,irregular,abnormal,4,3,2.53,2.9
583,unnatural,abnormal,4,3,2.75,2.9
584,succinct,short,2,1,0.24,85.63
585,brief,short,1,1,14.35,85.63
586,close,short,1,1,219.43,85.63
587,light,short,1,1,165.2,85.63
588,summary,short,3,1,1.67,85.63
589,succinct,concise,2,2,0.24,0.43
590,brief,concise,1,2,14.35,0.43
591,profound,fundamental,2,4,4.18,3.27
592,basic,fundamental,2,4,15.57,3.27
593,morbid,gruesome,2,2,2.59,2.04
594,morbid,grim,2,1,2.59,4.78
595,black,grim,1,1,167.94,4.78
596,relentless,grim,3,1,1.55,4.78
597,dour,grim,2,1,0.16,4.78
598,permissible,allowable,4,4,0.45,0.1
599,efficacious,effective,4,3,0.2,10.51
600,capable,effective,3,3,20.82,10.51
601,operative,effective,4,3,3.25,10.51
602,sober,quiet,2,2,10.1,117.22
603,silent,quiet,2,2,23,117.22
604,restrained,quiet,2,2,1.1,117.22
605,smooth,quiet,1,2,18.27,117.22
606,retired,quiet,2,2,12.06,117.22
607,inactive,quiet,3,2,0.67,117.22
608,tranquil,quiet,2,2,0.82,117.22
609,calm,quiet,1,2,89.04,117.22
610,sober,steady,2,2,10.1,22.71
611,regular,steady,3,2,33.86,22.71
612,sober,serious,2,3,10.1,148.35
613,solemn,serious,2,3,2.2,148.35
614,gross,serious,1,3,15.27,148.35
615,deep,serious,1,3,76.39,148.35
616,stupid,inept,2,2,184.41,0.84
617,stupid,senseless,2,2,184.41,2.57
618,stupid,idiotic,2,4,184.41,3.88
619,ridiculous,idiotic,4,4,55.61,3.88
620,stupid,stolid,2,2,184.41,0.04
621,stupid,dumb,2,1,184.41,46.96
622,stupid,flat,2,1,184.41,26.22
623,dead,flat,1,1,448.98,26.22
624,smooth,flat,1,1,18.27,26.22
625,horizontal,flat,4,1,1.51,26.22
626,customary,ordinary,4,4,2.18,19.08
627,normal,ordinary,2,4,70.37,19.08
628,popular,ordinary,3,4,23.08,19.08
629,unremarkable,ordinary,5,4,0.41,19.08
630,customary,habitual,4,4,2.18,0.51
631,slow,tiresome,1,3,76.02,1.45
632,boring,tiresome,2,3,27.41,1.45
633,tedious,tiresome,3,3,1.43,1.45
634,slow,gradual,1,3,76.02,0.75
635,childlike,naive,2,2,0.63,6.45
636,childlike,childish,2,2,0.63,4.9
637,big,grown,1,1,682.82,25
638,big,pregnant,1,2,682.82,52.02
639,big,heavy,1,2,682.82,47.29
640,unwieldy,heavy,3,2,0.12,47.29
641,scholastic,formal,3,2,0.57,8.31
642,solemn,formal,2,2,2.2,8.31
643,conventional,formal,4,2,3.04,8.31
644,precise,formal,2,2,5.2,8.31
645,stately,formal,2,2,0.45,8.31
646,stiff,formal,1,2,10.25,8.31
647,scholastic,academic,3,4,0.57,4.67
648,collegiate,academic,3,4,0.49,4.67
649,viscous,thick,2,1,0.25,13.98
650,dense,thick,1,1,2.12,13.98
651,stocky,thick,2,1,0.18,13.98
652,fat,thick,1,1,79.43,13.98
653,remaining,last,3,1,6.75,723.1
654,farthest,last,2,1,0.82,723.1
655,latter,last,2,1,1.25,723.1
656,extreme,last,2,1,10.94,723.1
657,perennial,permanent,4,3,0.29,12.14
658,persistent,permanent,3,3,2.59,12.14
659,sure,permanent,1,3,1099.82,12.14
660,subtle,skillful,2,2,6.94,0.78
661,good,skillful,1,2,2610.14,0.78
662,wise,skillful,1,2,28.47,0.78
663,fine,skillful,1,2,598.08,0.78
664,adept,skillful,2,2,0.65,0.78
665,subtle,shrewd,2,1,6.94,1.41
666,astute,shrewd,2,1,1,1.41
667,subtle,elusive,2,3,6.94,1.41
668,silent,taciturn,2,3,23,0.16
669,silent,calm,2,1,23,89.04
670,mild,calm,1,1,4.8,89.04
671,quiet,calm,2,1,117.22,89.04
672,collected,calm,3,1,5.75,89.04
673,sparse,scattered,1,2,0.22,3.73
674,vivid,quick,2,1,2.04,108.67
675,apt,quick,1,1,1.75,108.67
676,ready,quick,2,1,387.8,108.67
677,sharp,quick,1,1,23.78,108.67
678,immediate,quick,4,1,11.2,108.67
679,hasty,quick,2,1,3.51,108.67
680,sudden,quick,2,1,33.47,108.67
681,vivid,graphic,2,2,2.04,2.33
682,vivid,spirited,2,3,2.04,1.22
683,lively,spirited,2,3,4.06,1.22
684,boisterous,loud,3,1,0.24,39.82
685,outspoken,loud,3,1,0.49,39.82
686,boisterous,noisy,3,2,0.24,5.04
687,acrobatic,athletic,4,3,0.24,3.86
688,unfinished,raw,3,1,3.51,10.18
689,new,raw,1,1,723.78,10.18
690,green,raw,1,1,72.47,10.18
691,naked,raw,2,1,39.25,10.18
692,unfinished,incomplete,3,3,3.51,2.14
693,imperfect,incomplete,3,3,0.96,2.14
694,inaccurate,incomplete,4,3,0.51,2.14
695,sorry,unhappy,2,3,1167.96,16.53
696,unlucky,unhappy,3,3,4.12,16.53
697,upset,unhappy,2,3,74.51,16.53
698,white,innocent,1,3,171.45,54.51
699,ingenuous,innocent,4,3,0.22,54.51
700,white,pure,1,1,171.45,24.92
701,mere,pure,1,1,7.86,24.92
702,unblemished,pure,3,1,0.22,24.92
703,essential,pure,3,1,4.84,24.92
704,virtuous,pure,3,1,1.73,24.92
705,virginal,pure,3,1,0.47,24.92
706,spiritual,pure,4,1,8.88,24.92
707,unmixed,pure,2,1,0.02,24.92
708,crystalline,pure,3,1,0.31,24.92
709,old,antique,1,2,608.94,6.06
710,old,abundant,1,3,608.94,0.57
711,ample,abundant,2,3,1.82,0.57
712,old,aged,1,1,608.94,3.59
713,polar,frigid,2,2,2.65,1.39
714,optimal,optimum,3,3,0.29,0.65
715,absurd,silly,2,2,9.71,57.1
716,slight,silly,1,2,10.18,57.1
717,goofy,silly,2,2,5.22,57.1
718,absurd,ludicrous,2,3,9.71,1.65
719,absurd,preposterous,2,4,9.71,3.04
720,absurd,laughable,2,3,9.71,0.51
721,comical,laughable,3,3,0.82,0.51
722,absurd,illogical,2,4,9.71,0.57
723,incorrect,illogical,3,4,2.22,0.57
724,boundless,unlimited,2,4,0.29,2.8
725,red,sanguine,1,2,148.06,0.14
726,single,unmarried,2,3,72.08,2.04
727,single,weak,2,1,72.08,31.51
728,ineffectual,weak,5,1,0.45,31.51
729,feeble,weak,2,1,1.69,31.51
730,faint,weak,1,1,9.27,31.51
731,impotent,weak,3,1,2.08,31.51
732,powerless,weak,3,1,3.76,31.51
733,invalid,weak,3,1,1.73,31.51
734,equitable,fair,4,1,0.35,94.75
735,equal,fair,2,1,13.37,94.75
736,honest,fair,2,1,72.33,94.75
737,round,fair,1,1,66.53,94.75
738,considerable,fair,5,1,4.53,94.75
739,sweet,fair,1,1,145.2,94.75
740,decent,fair,2,1,28.1,94.75
741,blonde,fair,1,1,13.92,94.75
742,objective,fair,3,1,7.04,94.75
743,clean,fair,1,1,121.24,94.75
744,impartial,fair,3,1,1,94.75
745,just,fair,1,1,4749.14,94.75
746,indifferent,unconcerned,3,3,1.14,0.31
747,new,recent,1,2,723.78,13.12
748,late,recent,1,2,269.73,13.12
749,green,recent,1,2,72.47,13.12
750,last,recent,1,2,723.1,13.12
751,modern,recent,2,2,18.24,13.12
752,latter,recent,2,2,1.25,13.12
753,new,renovated,1,4,723.78,0.47
754,new,young,1,1,723.78,243.18
755,untested,young,3,1,0.16,243.18
756,opposite,other,3,2,15.2,735.39
757,early,other,2,2,108.04,735.39
758,former,other,2,2,18.27,735.39
759,deadly,venomous,2,3,9.88,0.53
760,particular,limited,4,3,27.9,11
761,parochial,limited,4,3,0.33,11
762,particular,distinguished,4,3,27.9,6.18
763,distinct,distinguished,2,3,3.04,6.18
764,conspicuous,distinguished,4,3,1.47,6.18
765,outstanding,distinguished,3,3,7.45,6.18
766,particular,exceptional,4,4,27.9,2.92
767,particular,special,4,2,27.9,148.57
768,concrete,special,2,2,7.43,148.57
769,differential,special,4,2,0.86,148.57
770,distinguished,special,3,2,6.18,148.57
771,particular,respective,4,3,27.9,0.8
772,individual,respective,5,3,11.69,0.8
773,particular,critical,4,3,27.9,12.25
774,important,critical,3,3,207.59,12.25
775,dangerous,critical,3,3,74.84,12.25
776,particular,separate,4,3,27.9,21.71
777,alone,separate,2,3,308.53,21.71
778,ugly,deformed,2,2,42.16,1.29
779,ugly,repulsive,2,3,42.16,2.02
780,competent,qualified,3,3,2.43,8.25
781,limited,qualified,3,3,11,8.25
782,plain,bare,1,1,21.82,8.33
783,naked,bare,2,1,39.25,8.33
784,stripped,bare,1,1,3.59,8.33
785,plain,sheer,1,1,21.82,4.57
786,plain,intelligible,1,5,21.82,0.06
787,plain,open,1,2,21.82,320.41
788,honest,open,2,2,72.33,320.41
789,accessible,open,4,2,1.1,320.41
790,overt,open,2,2,0.27,320.41
791,susceptible,open,4,2,1.27,320.41
792,pregnant,open,2,2,52.02,320.41
793,level,open,2,2,51.63,320.41
794,exposed,open,2,2,10.55,320.41
795,unresolved,open,3,2,0.82,320.41
796,full,copious,1,3,166.9,0.18
797,full,complete,1,2,166.9,51.69
798,dead,complete,1,2,448.98,51.69
799,regular,complete,3,2,33.86,51.69
800,good,complete,1,2,2610.14,51.69
801,finished,complete,2,2,83.71,51.69
802,full,total,1,2,166.9,37.65
803,universal,total,4,2,5.86,37.65
804,straight,square,1,1,122.43,31.76
805,slapdash,sloppy,2,2,0.08,5.88
806,renowned,wonderful,2,3,1.31,164
807,beautiful,wonderful,3,3,279.73,164
808,astonishing,wonderful,4,3,1.71,164
809,extraordinary,wonderful,5,3,15.12,164
810,renowned,eminent,2,3,1.31,1.65
811,routine,round,2,1,19.84,66.53
812,circular,round,3,1,1.59,66.53
813,global,round,2,1,6.29,66.53
814,routine,everyday,2,3,19.84,10.88
815,mundane,everyday,2,3,0.8,10.88
816,mere,entire,1,3,7.86,79.8
817,total,entire,2,3,37.65,79.8
818,simple,entire,2,3,89.31,79.8
819,undivided,entire,4,3,0.92,79.8
820,different,distinct,3,2,209.53,3.04
821,clear,distinct,1,2,171.82,3.04
822,several,distinct,2,2,38.78,3.04
823,incompetent,inefficient,4,4,3.8,0.41
824,ineffective,inefficient,4,4,0.59,0.41
825,incompetent,unfit,4,2,3.8,1.55
826,incapable,unfit,4,2,3.39,1.55
827,accidental,casual,4,3,3,7.31
828,occasional,casual,4,3,3.9,7.31
829,everyday,casual,3,3,10.88,7.31
830,nonchalant,casual,3,3,0.37,7.31
831,,void,1,1,0.53,4.1
832,novel,modern,2,2,10.06,18.24
833,innovative,modern,4,2,1.02,18.24
834,advanced,modern,2,2,8.84,18.24
835,novel,rare,2,1,10.06,21.31
836,exquisite,rare,3,1,4.18,21.31
837,scarce,rare,1,1,1.71,21.31
838,novel,unusual,2,4,10.06,23.73
839,peculiar,unusual,3,4,7.55,23.73
840,abnormal,unusual,3,4,2.9,23.73
841,exceptional,unusual,4,4,2.92,23.73
842,dense,compact,1,2,2.12,1.69
843,dense,close,1,1,2.12,219.43
844,intimate,close,3,1,6.96,219.43
845,thick,close,1,1,13.98,219.43
846,secretive,close,3,1,1.33,219.43
847,dense,opaque,1,2,2.12,0.12
848,mysterious,incomprehensible,4,6,15,0.82
849,dark,hopeless,1,2,88.61,8.94
850,dark,sullen,1,2,88.61,0.57
851,dark,moody,1,2,88.61,2.25
852,sullen,moody,2,2,0.57,2.25
853,dark,coloured,1,2,88.61,1.57
854,short,scanty,1,2,85.63,0.02
855,short,little,1,2,85.63,1446.39
856,petty,little,2,2,8.59,1446.39
857,short,brittle,1,2,85.63,1.39
858,short,abrupt,1,2,85.63,1.14
859,sharp,abrupt,1,2,23.78,1.14
860,sudden,abrupt,2,2,33.47,1.14
861,short,insufficient,1,4,85.63,1.06
862,busy,engaged,2,2,106.53,26.02
863,busy,anxious,2,2,106.53,14.1
864,apprehensive,anxious,4,2,0.55,14.1
865,jealous,anxious,2,2,38.27,14.1
866,ardent,passionate,2,3,0.59,6
867,fiery,passionate,3,3,2.02,6
868,ardent,keen,2,1,0.59,4.47
869,sharp,keen,1,1,23.78,4.47
870,dry,keen,1,1,42.82,4.47
871,sinful,corrupt,2,2,1.71,5.31
872,wicked,corrupt,2,2,13.29,5.31
873,vicious,corrupt,2,2,8.59,5.31
874,dishonest,corrupt,3,2,2.59,5.31
875,sinister,corrupt,3,2,2.18,5.31
876,depraved,corrupt,2,2,1.27,5.31
877,sinful,ungodly,2,3,1.71,0.59
878,wicked,ungodly,2,3,13.29,0.59
879,sinful,criminal,2,3,1.71,34.47
880,illicit,criminal,3,3,0.71,34.47
881,sinful,wrong,2,1,1.71,523.1
882,mistaken,wrong,3,1,12.82,523.1
883,vital,essential,2,3,7.76,4.84
884,formal,essential,2,3,8.31,4.84
885,requisite,essential,3,3,0.37,4.84
886,crucial,essential,2,3,4.59,4.84
887,necessary,essential,4,3,45.98,4.84
888,vital,viable,2,3,7.76,2.37
889,provincial,narrow,3,2,0.92,7.02
890,hungry,poor,2,1,77.08,129.08
891,miserable,poor,4,1,21.49,129.08
892,destitute,poor,3,1,0.71,129.08
893,foul,poor,1,1,14.47,129.08
894,pitiful,poor,3,1,3.84,129.08
895,needy,poor,2,1,3.04,129.08
896,wretched,poor,2,1,3.63,129.08
897,civil,courteous,2,3,15.94,1.22
898,clever,smart,2,1,27.27,96.25
899,bright,smart,1,1,44.41,96.25
900,fresh,smart,1,1,54.51,96.25
901,clever,ingenious,2,3,27.27,2.12
902,aristocratic,blue,5,1,0.73,102.39
903,grim,blue,1,1,4.78,102.39
904,drab,blue,1,1,0.8,102.39
905,condescending,patronizing,4,4,1.29,1.1
906,senior,elderly,2,3,26.25,4.1
907,robust,forceful,2,2,0.71,0.86
908,violent,forceful,3,2,16.67,0.86
909,energetic,forceful,4,2,1.29,0.86
910,robust,muscular,2,3,0.71,1.55
911,brawny,muscular,2,3,0.18,1.55
912,comical,amusing,3,3,0.82,9.2
913,comic,amusing,2,3,10.82,9.2
914,witty,amusing,2,3,3.2,9.2
915,pleasant,amusing,2,3,21.02,9.2
916,comical,comic,3,2,0.82,10.82
917,funny,comic,2,2,218.18,10.82
918,amusing,comic,3,2,9.2,10.82
919,sentimental,romantic,4,3,7.04,35.18
920,fictional,romantic,3,3,1.39,35.18
921,lively,gay,2,1,4.06,59.08
922,lively,vigorous,2,3,4.06,0.69
923,athletic,vigorous,3,3,3.86,0.69
924,healthy,vigorous,2,3,24.75,0.69
925,lively,vivacious,2,3,4.06,0.25
926,heinous,atrocious,2,3,1.61,0.69
927,grating,harsh,2,1,0.31,7.1
928,rude,harsh,1,1,22.06,7.1
929,blunt,harsh,1,1,4.9,7.1
930,cruel,harsh,2,1,18.35,7.1
931,raspy,harsh,2,1,0.16,7.1
932,discordant,harsh,3,1,0.31,7.1
933,far,remote,1,2,220.76,13.98
934,monetary,financial,4,3,1.02,15.24
935,rude,uncivil,1,3,22.06,0.06
936,disrespectful,uncivil,4,3,2.06,0.06
937,rude,bloody,1,2,22.06,38.47
938,beautiful,bloody,3,2,279.73,38.47
939,murderous,bloody,3,2,1.82,38.47
940,equal,corresponding,2,4,13.37,0.57
941,proportional,corresponding,4,4,0.27,0.57
942,equal,uniform,2,3,13.37,24.82
943,steady,uniform,2,3,22.71,24.82
944,equal,unbiased,2,3,13.37,0.29
945,equal,indifferent,2,3,13.37,1.14
946,apathetic,indifferent,4,3,0.35,1.14
947,equal,fellow,2,2,13.37,58.57
948,equal,parallel,2,3,13.37,4.39
949,equal,equitable,2,4,13.37,0.35
950,fibrous,stringy,2,2,0.25,0.41
951,coarse,blunt,1,1,1.35,4.9
952,round,blunt,1,1,66.53,4.9
953,beautiful,delightful,3,3,279.73,9.2
954,beautiful,charming,3,2,279.73,28.12
955,delightful,charming,3,2,9.2,28.12
956,free,charming,1,2,177.53,28.12
957,captivating,charming,4,2,0.16,28.12
958,beautiful,graceful,3,2,279.73,2.31
959,delicate,graceful,3,2,9.51,2.31
960,willowy,graceful,3,2,0.06,2.31
961,beautiful,lustrous,3,2,279.73,0.29
962,beautiful,lovely,3,2,279.73,95.16
963,charming,lovely,2,2,28.12,95.16
964,beautiful,elegant,3,3,279.73,6.27
965,refined,elegant,2,3,2.02,6.27
966,high,dear,1,1,195,223.43
967,precious,dear,2,1,23.35,223.43
968,high,mellow,1,2,195,3
969,high,mighty,1,2,195,26.57
970,high,tall,1,1,195,32.33
971,improper,unlawful,3,3,1.12,0.76
972,improper,appropriate,3,4,1.12,12.88
973,convenient,appropriate,3,4,8.55,12.88
974,bright,sparkling,1,2,44.41,2
975,witty,sparkling,2,2,3.2,2
976,bright,shining,1,2,44.41,9.82
977,bright,vivid,1,2,44.41,2.04
978,intense,vivid,2,2,10.2,2.04
979,pictorial,vivid,4,2,0.2,2.04
980,bright,shiny,1,2,44.41,7.8
981,lustrous,shiny,2,2,0.29,7.8
982,bright,sunny,1,2,44.41,7.67
983,bright,luminous,1,3,44.41,0.76
984,bright,cheery,1,2,44.41,1.06
985,mild,gentle,1,2,4.8,16.55
986,merciful,gentle,3,2,3.49,16.55
987,quiet,gentle,2,2,117.22,16.55
988,docile,gentle,2,2,0.53,16.55
989,mild,kind,1,1,4.8,590.69
990,gracious,kind,2,1,7.16,590.69
991,charitable,kind,4,1,2.04,590.69
992,nice,kind,1,1,649.51,590.69
993,tolerant,kind,3,1,1.27,590.69
994,benevolent,kind,4,1,0.73,590.69
995,convinced,positive,2,3,20.8,31.63
996,conventional,positive,4,3,3.04,31.63
997,additive,positive,3,3,0.22,31.63
998,confident,positive,3,3,10.65,31.63
999,brief,summary,1,3,14.35,1.67
1000,brief,succinct,1,2,14.35,0.24
1001,compact,succinct,2,2,1.69,0.24
1002,concise,succinct,2,2,0.43,0.24
1003,brief,abstract,1,2,14.35,2.18
1004,summary,abstract,3,2,1.67,2.18
1005,grave,dangerous,1,3,26.27,74.84
1006,wicked,dangerous,2,3,13.29,74.84
1007,risky,dangerous,2,3,7.71,74.84
1008,hazardous,dangerous,3,3,1.84,74.84
1009,unsafe,dangerous,2,3,1.51,74.84
1010,grave,dignified,1,3,26.27,2.69
1011,certain,stated,2,2,85.37,3.61
1012,uninteresting,dry,4,1,0.31,42.82
1013,wry,dry,1,1,0.2,42.82
1014,arid,dry,2,1,0.31,42.82
1015,ironic,dry,3,1,6.12,42.82
1016,dull,dense,1,1,12.08,2.12
1017,dull,sleepy,1,2,12.08,8.57
1018,dull,awkward,1,2,12.08,14.31
1019,gawky,awkward,2,2,0.27,14.31
1020,untested,untried,3,2,0.16,0.24
1021,inner,intimate,2,3,9.94,6.96
1022,informal,intimate,3,3,1.69,6.96
1023,inner,internal,2,3,9.94,9.84
1024,costly,sumptuous,2,2,1.55,0.31
1025,grand,sumptuous,1,2,63.02,0.31
1026,costly,expensive,2,3,1.55,27.94
1027,dear,expensive,1,3,223.43,27.94
1028,intermediate,medial,5,3,0.45,0.41
1029,median,medial,3,3,0.39,0.41
1030,intermediate,transitional,5,4,0.45,0.45
1031,intermediate,middle,5,2,0.45,89.2
1032,center,middle,2,2,45.78,89.2
1033,mid,middle,1,2,1.25,89.2
1034,marshy,waterlogged,2,3,0.06,0.14
1035,marshy,wet,2,1,0.06,39.22
1036,tight,wet,1,1,50.92,39.22
1037,garish,bright,2,1,0.22,44.41
1038,smart,bright,1,1,96.25,44.41
1039,silver,bright,2,1,31.75,44.41
1040,gorgeous,bright,2,1,24.06,44.41
1041,brilliant,bright,2,1,35.8,44.41
1042,cloudless,bright,2,1,0.16,44.41
1043,lustrous,bright,2,1,0.29,44.41
1044,cheerful,bright,2,1,3.73,44.41
1045,serene,bright,2,1,1.24,44.41
1046,slender,slight,2,1,0.75,10.18
1047,thin,slight,1,1,20.18,10.18
1048,slender,thin,2,1,0.75,20.18
1049,rare,thin,1,1,21.31,20.18
1050,fine,thin,1,1,598.08,20.18
1051,slender,moderate,2,3,0.75,1.24
1052,temperate,moderate,2,3,0.24,1.24
1053,insecure,suspicious,3,3,4.06,15.98
1054,shy,suspicious,1,3,18.37,15.98
1055,jealous,suspicious,2,3,38.27,15.98
1056,insecure,unstable,3,3,4.06,5.1
1057,fluid,unstable,2,3,8.94,5.1
1058,close,closed,1,1,219.43,54.08
1059,close,careful,1,2,219.43,108.82
1060,deliberate,careful,4,2,2.84,108.82
1061,wary,careful,2,2,0.75,108.82
1062,diligent,careful,3,2,0.78,108.82
1063,close,faithful,1,2,219.43,9.12
1064,honest,faithful,2,2,72.33,9.12
1065,trustworthy,faithful,3,2,1.84,9.12
1066,cautious,circumspect,2,3,3.35,0.2
1067,unpleasant,distasteful,3,3,6.1,1.18
1068,wealthy,opulent,2,3,7.37,0.14
1069,luxurious,opulent,4,3,1.12,0.14
1070,evil,ill,2,1,73.16,21.27
1071,sick,ill,1,1,165.43,21.27
1072,great,commanding,1,3,820.86,6.9
1073,great,enormous,1,3,820.86,10.31
1074,large,enormous,1,3,41.45,10.31
1075,huge,enormous,1,3,48.37,10.31
1076,extraordinary,enormous,5,3,15.12,10.31
1077,colossal,enormous,3,3,1.41,10.31
1078,great,long,1,1,820.86,675.16
1079,tenacious,long,3,1,0.49,675.16
1080,side,long,1,1,200.92,675.16
1081,great,foremost,1,2,820.86,1.69
1082,first,foremost,1,2,840.57,1.69
1083,great,immense,1,2,820.86,1.61
1084,enormous,immense,3,2,10.31,1.61
1085,great,swell,1,1,820.86,20.8
1086,great,large,1,1,820.86,41.45
1087,immense,large,2,1,1.61,41.45
1088,grand,large,1,1,63.02,41.45
1089,round,large,1,1,66.53,41.45
1090,considerable,large,5,1,4.53,41.45
1091,broad,large,1,1,14.73,41.45
1092,voluminous,large,4,1,0.04,41.45
1093,roomy,large,2,1,0.39,41.45
1094,great,big,1,1,820.86,682.82
1095,gross,big,1,1,15.27,682.82
1096,mighty,big,2,1,26.57,682.82
1097,great,superior,1,4,820.86,13
1098,excellent,superior,3,4,52.71,13
1099,awake,alert,2,2,26.71,20.61
1100,quick,alert,1,2,108.67,20.61
1101,awake,conscious,2,2,26.71,6.8
1102,awake,alive,2,2,26.71,154.47
1103,quick,alive,1,2,108.67,154.47
1104,alert,alive,2,2,20.61,154.47
1105,moral,righteous,2,2,13.51,3.92
1106,virtuous,righteous,3,2,1.73,3.92
1107,moral,ethic,2,2,13.51,1.04
1108,parochial,insular,4,3,0.33,0.06
1109,isolated,insular,4,3,6.08,0.06
1110,poor,miserable,1,4,129.08,21.49
1111,worthless,miserable,2,4,9.27,21.49
1112,pathetic,miserable,3,4,24.2,21.49
1113,poor,inadequate,1,4,129.08,1.86
1114,thin,inadequate,1,4,20.18,1.86
1115,poor,unfavorable,1,5,129.08,0.27
1116,poor,indigent,1,3,129.08,0.47
1117,frigid,icy,2,2,1.39,2.65
1118,frozen,icy,2,2,15.33,2.65
1119,acceptable,comfortable,4,4,5.27,47.22
1120,prosperous,comfortable,3,4,1.25,47.22
1121,roomy,comfortable,2,4,0.39,47.22
1122,acceptable,popular,4,3,5.27,23.08
1123,immense,huge,2,1,1.61,48.37
1124,black,horrible,1,3,167.94,42.43
1125,black,bleak,1,1,167.94,1.08
1126,barren,bleak,2,1,1.47,1.08
1127,black,dim,1,1,167.94,4.76
1128,black,somber,1,2,167.94,0.31
1129,solemn,earnest,2,2,2.2,1.57
1130,serious,earnest,3,2,148.35,1.57
1131,heartfelt,earnest,2,2,1.41,1.57
1132,solemn,impressive,2,3,2.2,16.96
1133,solemn,festive,2,2,2.2,1.92
1134,circular,cyclic,3,2,1.59,0.18
1135,smart,efficient,1,3,96.25,4.96
1136,smart,wise,1,1,96.25,28.47
1137,sensible,wise,3,1,6.8,28.47
1138,liberal,independent,3,4,3.98,9.35
1139,intrepid,brave,3,1,0.61,31.71
1140,virtuous,brave,3,1,1.73,31.71
1141,gallant,brave,2,1,3.27,31.71
1142,grand,princely,1,2,63.02,0.12
1143,royal,princely,2,2,23.24,0.12
1144,grand,splendid,1,2,63.02,11.67
1145,magnificent,splendid,4,2,13.22,11.67
1146,grand,stately,1,2,63.02,0.45
1147,formal,stately,2,2,8.31,0.45
1148,grand,extensive,1,3,63.02,3.71
1149,honest,dependable,2,4,72.33,1.67
1150,good,dependable,1,4,2610.14,1.67
1151,urgent,imperative,2,4,14.86,2.49
1152,sterile,infertile,2,3,2.18,0.27
1153,sterile,unproductive,2,4,2.18,0.27
1154,willful,stubborn,2,2,0.69,10.86
1155,round,plump,1,1,66.53,1.47
1156,secret,mystic,2,2,109.51,1.45
1157,secret,privy,2,2,109.51,1.49
1158,secret,clandestine,2,3,109.51,0.88
1159,secret,confidential,2,4,109.51,6.71
1160,intimate,confidential,3,4,6.96,6.71
1161,secret,secretive,2,3,109.51,1.33
1162,persistent,tenacious,3,3,2.59,0.49
1163,skeptical,doubtful,3,2,1.47,1.63
1164,jittery,nervous,3,2,0.41,67.16
1165,jumpy,nervous,2,2,3.1,67.16
1166,aware,sensitive,2,3,35.65,22.53
1167,acute,sensitive,2,3,2.94,22.53
1168,raw,sensitive,1,3,10.18,22.53
1169,alive,sensitive,2,3,154.47,22.53
1170,quick,sensitive,1,3,108.67,22.53
1171,susceptible,sensitive,4,3,1.27,22.53
1172,aware,watchful,2,2,35.65,0.39
1173,vigilant,watchful,3,2,0.75,0.39
1174,aware,mindful,2,2,35.65,0.49
1175,insular,isolated,3,4,0.06,6.08
1176,intelligible,clear,5,1,0.06,171.82
1177,definite,clear,3,1,6.16,171.82
1178,unmistakable,clear,5,1,0.88,171.82
1179,unobstructed,clear,4,1,0.14,171.82
1180,tenacious,tough,3,1,0.49,90.51
1181,odd,curious,1,3,24.04,26.22
1182,funny,curious,2,3,218.18,26.22
1183,inquisitive,curious,4,3,1,26.22
1184,odd,left,1,1,24.04,484.45
1185,odd,whimsical,1,3,24.04,0.78
1186,eccentric,whimsical,3,3,3.51,0.78
1187,immoral,unjust,3,2,2.61,1.16
1188,wicked,unjust,2,2,13.29,1.16
1189,unequal,unjust,3,2,0.2,1.16
1190,wrong,unjust,1,2,523.1,1.16
1191,immoral,depraved,3,2,2.61,1.27
1192,immoral,obscene,3,2,2.61,3.45
1193,gross,obscene,1,2,15.27,3.45
1194,filthy,obscene,2,2,16.43,3.45
1195,indecent,obscene,3,2,1.78,3.45
1196,immoral,lewd,3,1,2.61,1.27
1197,dirty,lewd,2,1,66.45,1.27
1198,funny,peculiar,2,3,218.18,7.55
1199,special,peculiar,2,3,148.57,7.55
1200,characteristic,peculiar,5,3,1.18,7.55
1201,funny,grotesque,2,2,218.18,1.57
1202,fantastic,grotesque,3,2,39.78,1.57
1203,blunt,outspoken,1,3,4.9,0.49
1204,sufficient,able,3,2,4.76,159.9
1205,potent,able,2,2,1.49,159.9
1206,skillful,able,2,2,0.78,159.9
1207,sufficient,adequate,3,3,4.76,2.59
1208,enough,adequate,2,3,501.33,2.59
1209,sufficient,satisfactory,3,4,4.76,3
1210,sufficient,enough,3,2,4.76,501.33
1211,decent,enough,2,2,28.1,501.33
1212,thin,lightweight,1,2,20.18,1.16
1213,thin,skinny,1,2,20.18,13.98
1214,untrue,inaccurate,2,4,1.45,0.51
1215,vague,uncertain,1,3,4.53,2.37
1216,various,uncertain,3,3,8.94,2.37
1217,equivocal,uncertain,4,3,0.16,2.37
1218,questionable,uncertain,4,3,2.29,2.37
1219,problematic,uncertain,4,3,0.94,2.37
1220,vague,loose,1,1,4.53,41.78
1221,impoverished,destitute,3,3,0.57,0.71
1222,repugnant,refractory,3,4,0.76,0.06
1223,repugnant,offensive,3,3,0.76,6.41
1224,disgusting,offensive,3,3,26.61,6.41
1225,unacceptable,offensive,5,3,5.31,6.41
1226,unfortunate,unlucky,4,3,11.84,4.12
1227,unhappy,unlucky,3,3,16.53,4.12
1228,hapless,unlucky,2,3,0.39,4.12
1229,inauspicious,unlucky,4,3,0.1,4.12
1230,important,urgent,3,2,207.59,14.86
1231,important,considerable,3,5,207.59,4.53
1232,good,considerable,1,5,2610.14,4.53
1233,much,considerable,1,5,973.25,4.53
1234,important,grave,3,1,207.59,26.27
1235,dangerous,grave,3,1,74.84,26.27
1236,important,valuable,3,3,207.59,15.59
1237,worth,valuable,1,3,109.2,15.59
1238,important,esteemed,3,2,207.59,1.47
1239,aerodynamic,sleek,5,1,0.43,0.84
1240,slick,sleek,1,1,6.86,0.84
1241,cross,transverse,1,2,55.04,0.29
1242,very,TRUE,2,1,1241.25,253.35
1243,pure,TRUE,1,1,24.92,253.35
1244,reliable,TRUE,4,1,5.9,253.35
1245,rightful,TRUE,2,1,2.33,253.35
1246,silver,precious,2,2,31.75,23.35
1247,licentious,immoral,3,3,0.04,2.61
1248,unprincipled,immoral,4,3,0.31,2.61
1249,depraved,immoral,2,3,1.27,2.61
1250,impure,immoral,2,3,0.8,2.61
1251,cold,reserved,1,2,130.16,5.06
1252,cold,frozen,1,2,130.16,15.33
1253,foggy,cloudy,2,2,1.29,2.16
1254,misty,cloudy,2,2,1.57,2.16
1255,overcast,cloudy,3,2,0.47,2.16
1256,sacrosanct,inviolable,3,5,0.16,0.04
1257,graphic,graphical,2,3,2.33,0.04
1258,meticulous,painstaking,4,3,1.02,0.24
1259,meticulous,precise,4,2,1.02,5.2
1260,definite,precise,3,2,6.16,5.2
1261,bad,vicious,1,2,545.18,8.59
1262,bad,sorry,1,2,545.18,1167.96
1263,bad,dire,1,1,545.18,2.2
1264,bad,negative,1,3,545.18,25.65
1265,damaging,negative,3,3,1.59,25.65
1266,bad,wicked,1,2,545.18,13.29
1267,vicious,wicked,2,2,8.59,13.29
1268,ungodly,wicked,3,2,0.59,13.29
1269,pernicious,wicked,3,2,0.27,13.29
1270,bad,faulty,1,2,545.18,1.63
1271,inaccurate,faulty,4,2,0.51,1.63
1272,wrong,faulty,1,2,523.1,1.63
1273,adverse,contrary,2,3,0.71,8.9
1274,sick,crazy,1,2,165.43,272.27
1275,sick,twisted,1,2,165.43,10.59
1276,fond,foolish,1,2,12.33,17.51
1277,fond,loving,1,2,12.33,25
1278,tough,sturdy,1,2,90.51,1.69
1279,tough,bad,1,1,90.51,545.18
1280,miserable,bad,4,1,21.49,545.18
1281,dangerous,bad,3,1,74.84,545.18
1282,spoiled,bad,1,1,8.47,545.18
1283,merciful,compassionate,3,4,3.49,1.78
1284,sympathetic,compassionate,4,4,3.8,1.78
1285,keen,incisive,1,3,4.47,0.16
1286,keen,intelligent,1,4,4.47,13.51
1287,rational,intelligent,3,4,5.02,13.51
1288,sensible,intelligent,3,4,6.8,13.51
1289,ingenious,intelligent,3,4,2.12,13.51
1290,dead,deceased,1,2,448.98,6.29
1291,dead,inactive,1,3,448.98,0.67
1292,ineffective,unable,4,3,0.59,10.25
1293,hard,rigorous,1,3,307.84,0.84
1294,strict,rigorous,1,3,7.02,0.84
1295,hard,severe,1,2,307.84,9.41
1296,caustic,severe,2,2,0.14,9.41
1297,dangerous,severe,3,2,74.84,9.41
1298,strict,severe,1,2,7.02,9.41
1299,sore,severe,1,2,15,9.41
1300,stiff,severe,1,2,10.25,9.41
1301,ascetic,severe,3,2,0.1,9.41
1302,ancient,former,2,2,21.67,18.27
1303,early,former,2,2,108.04,18.27
1304,late,former,1,2,269.73,18.27
1305,prior,former,2,2,8.27,18.27
1306,previous,former,3,2,9.49,18.27
1307,erstwhile,former,2,2,0.1,18.27
1308,ancient,prehistoric,2,4,21.67,1.73
1309,celestial,divine,3,2,1.08,11.65
1310,spiritual,divine,4,2,8.88,11.65
1311,celestial,spiritual,3,4,1.08,8.88
1312,furious,angry,3,2,6,58.98
1313,indignant,angry,3,2,0.45,58.98
1314,furious,frantic,3,2,6,2.27
1315,ideal,utopian,2,4,7.33,0.29
1316,rounded,circular,2,3,1.63,1.59
1317,rounded,full,2,1,1.63,166.9
1318,broad,full,1,1,14.73,166.9
1319,total,full,2,1,37.65,166.9
1320,replete,full,2,1,0.16,166.9
1321,packed,full,1,1,17.73,166.9
1322,crowded,full,2,1,8.94,166.9
1323,copious,full,3,1,0.18,166.9
1324,liquid,smooth,2,1,7.75,18.27
1325,sleek,smooth,1,1,0.84,18.27
1326,glossy,smooth,2,1,0.47,18.27
1327,silken,smooth,2,1,0.41,18.27
1328,considerable,good,5,1,4.53,2610.14
1329,beneficial,good,4,1,0.78,2610.14
1330,virtuous,good,3,1,1.73,2610.14
1331,amusing,good,3,1,9.2,2610.14
1332,nice,good,1,1,649.51,2610.14
1333,effective,good,3,1,10.51,2610.14
1334,respectable,good,4,1,5.65,2610.14
1335,dear,good,1,1,223.43,2610.14
1336,safe,good,1,1,143.2,2610.14
1337,thorough,good,2,1,4.71,2610.14
1338,skillful,good,2,1,0.78,2610.14
1339,considerable,important,5,3,4.53,207.59
1340,substantial,important,3,3,3.57,207.59
1341,considerable,substantial,5,3,4.53,3.57
1342,essential,substantial,3,3,4.84,3.57
1343,influential,substantial,4,3,1.59,3.57
1344,substantive,substantial,3,3,0.24,3.57
1345,inherent,natural,3,3,0.59,42.35
1346,raw,natural,1,3,10.18,42.35
1347,simple,natural,2,3,89.31,42.35
1348,instinctive,natural,3,3,0.41,42.35
1349,intrinsic,natural,3,3,0.2,42.35
1350,inherent,innate,3,2,0.59,0.76
1351,intrinsic,innate,3,2,0.2,0.76
1352,educated,literate,4,3,5.53,0.33
1353,literary,literate,4,3,2.55,0.33
1354,educated,cultured,4,2,5.53,0.96
1355,polite,cultured,2,2,13.94,0.96
1356,civilized,cultured,3,2,6.18,0.96
1357,civilized,cultured,3,2,6.18,0.96
1358,haughty,disdainful,2,3,0.41,0.06
1359,wicked,sinful,2,2,13.29,1.71
1360,wicked,malicious,2,3,13.29,1.57
1361,wanton,malicious,2,3,0.82,1.57
1362,murderous,bloodthirsty,3,3,1.82,0.96
1363,vehement,furious,3,3,0.12,6
1364,violent,furious,3,3,16.67,6
1365,light,nimble,1,2,165.2,0.59
1366,quick,nimble,1,2,108.67,0.59
1367,light,airy,1,2,165.2,0.31
1368,punitive,vindictive,3,3,0.86,1.06
1369,acute,pointed,2,2,2.94,7.59
1370,regular,systematic,3,4,33.86,0.59
1371,brilliant,magnificent,2,4,35.8,13.22
1372,pastoral,bucolic,3,3,0.14,0.14
1373,spiteful,hateful,2,2,0.75,2
1374,prudent,economical,2,5,1.61,0.33
1375,economic,economical,4,5,4.96,0.33
1376,imaginative,fanciful,5,3,1.37,0.49
1377,imaginative,creative,5,3,1.37,10.75
1378,poetic,creative,3,3,2.69,10.75
1379,lewd,lascivious,1,4,1.27,0.67
1380,wanton,lascivious,2,4,0.82,0.67
1381,pious,obedient,2,4,0.94,1.96
1382,submissive,obedient,3,4,0.88,1.96
1383,pious,devout,2,2,0.94,0.75
1384,free,devoid,1,2,177.53,0.71
1385,free,unrestrained,1,3,177.53,0.14
1386,free,liberated,1,4,177.53,1.84
1387,early,first,2,1,108.04,840.57
1388,top,first,1,1,133.43,840.57
1389,foremost,first,2,1,1.69,840.57
1390,maiden,first,2,1,5.53,840.57
1391,early,precocious,2,3,108.04,0.47
1392,wry,ironic,1,3,0.2,6.12
1393,broad,comprehensive,1,4,14.73,1.14
1394,capable,comprehensive,3,4,20.82,1.14
1395,hallowed,sacred,2,2,2.29,14.02
1396,divine,sacred,2,2,11.65,14.02
1397,active,dynamic,2,3,11.45,2.1
1398,active,operative,2,4,11.45,3.25
1399,active,prompt,2,1,11.45,1.16
1400,quick,prompt,1,1,108.67,1.16
1401,immediate,prompt,4,1,11.2,1.16
1402,incorrect,erroneous,3,4,2.22,0.53
1403,incorrect,improper,3,3,2.22,1.12
1404,good,suited,1,2,2610.14,2.98
1405,good,propitious,1,3,2610.14,0.12
1406,good,advantageous,1,4,2610.14,0.39
1407,available,advantageous,4,4,25.94,0.39
1408,useful,advantageous,2,4,13.12,0.39
1409,good,merciful,1,3,2610.14,3.49
1410,gracious,merciful,2,3,7.16,3.49
1411,compassionate,merciful,4,3,1.78,3.49
1412,good,adapted,1,3,2610.14,1.1
1413,good,beneficial,1,4,2610.14,0.78
1414,helpful,beneficial,2,4,12.14,0.78
1415,useful,beneficial,2,4,13.12,0.78
1416,good,useful,1,2,2610.14,13.12
1417,beneficial,useful,4,2,0.78,13.12
1418,helpful,useful,2,2,12.14,13.12
1419,illogical,irrational,4,4,0.57,2.92
1420,hostile,combative,2,3,8.94,0.53
1421,hostile,unfriendly,2,3,8.94,1.04
1422,hostile,warlike,2,2,8.94,0.27
1423,intimate,direct,3,2,6.96,24.04
1424,intimate,cozy,3,2,6.96,5.65
1425,intimate,friendly,3,2,6.96,26.04
1426,gracious,friendly,2,2,7.16,26.04
1427,affable,friendly,3,2,0.12,26.04
1428,auspicious,fortunate,3,3,0.51,8.22
1429,inferior,substandard,4,3,3.06,0.43
1430,massive,monumental,2,4,9.96,1.06
1431,tricky,crafty,2,2,7.96,1.04
1432,blue,gloomy,1,2,102.39,2.41
1433,moody,gloomy,2,2,2.25,2.41
1434,blue,drab,1,1,102.39,0.8
1435,yellow,drab,2,1,33.8,0.8
1436,green,inexperienced,1,5,72.47,1.14
1437,raw,inexperienced,1,5,10.18,1.14
1438,young,inexperienced,1,5,243.18,1.14
1439,melancholy,sad,4,1,2.18,63.37
1440,moody,sad,2,1,2.25,63.37
1441,mournful,sad,2,1,0.49,63.37
1442,pitiful,sad,3,1,3.84,63.37
1443,obscene,disgusting,2,3,3.45,26.61
1444,right,straight,1,1,4008.39,122.43
1445,consecutive,straight,4,1,1.63,122.43
1446,neat,straight,1,1,12.45,122.43
1447,square,straight,1,1,31.76,122.43
1448,right,lawful,1,2,4008.39,2.18
1449,weak,infirm,1,2,31.51,0.29
1450,weak,faint,1,1,31.51,9.27
1451,distant,faint,2,1,8.61,9.27
1452,weak,soft,1,1,31.51,32.02
1453,smooth,soft,1,1,18.27,32.02
1454,small,soft,1,1,124.96,32.02
1455,bland,soft,1,1,1.08,32.02
1456,subdued,soft,2,1,0.63,32.02
1457,lenient,soft,3,1,0.9,32.02
1458,fresh,sweet,1,1,54.51,145.2
1459,fresh,novel,1,2,54.51,10.06
1460,beneficial,profitable,4,4,0.78,2.45
1461,productive,profitable,3,4,2.41,2.45
1462,successful,profitable,3,4,20.33,2.45
1463,lucrative,profitable,3,4,1.29,2.45
1464,abundant,numerous,3,3,0.57,3.59
1465,populous,numerous,3,3,0.04,3.59
1466,many,numerous,2,3,359.43,3.59
1467,accessible,available,4,4,1.1,25.94
1468,usable,available,3,4,0.53,25.94
1469,accessible,ready,4,2,1.1,387.8
1470,handy,ready,2,2,12.22,387.8
1471,unlucky,unfortunate,3,4,4.12,11.84
1472,insolvent,bankrupt,3,2,0.06,2.8
1473,ridiculous,surreal,4,2,55.61,1.12
1474,special,uncommon,2,3,148.57,2.16
1475,strange,uncommon,1,3,86.43,2.16
1476,mindful,aware,2,2,0.49,35.65
1477,intelligent,aware,4,2,13.51,35.65
1478,unorthodox,heretical,4,4,1.41,0.18
1479,philosophic,rational,4,3,0.08,5.02
1480,raw,green,1,1,10.18,72.47
1481,miserable,worthless,4,2,21.49,9.27
1482,vicious,bitter,2,2,8.59,11.14
1483,vindictive,bitter,3,2,1.06,11.14
1484,vitriolic,bitter,4,2,0.08,11.14
1485,quaint,archaic,1,3,2.18,0.69
1486,dependent,addicted,3,3,2.24,4.53
1487,dependent,subordinate,3,4,2.24,0.61
1488,greedy,gluttonous,2,3,6.63,0.12
1489,essential,necessary,3,4,4.84,45.98
1490,main,necessary,1,4,42.73,45.98
1491,brave,bold,1,1,31.71,7.55
1492,forward,bold,2,1,72.33,7.55
1493,courageous,bold,3,1,3.16,7.55
1494,ambitious,bold,3,1,4.76,7.55
1495,fearless,bold,2,1,2.98,7.55
1496,heroic,bold,3,1,4.59,7.55
1497,audacious,bold,3,1,0.51,7.55
1498,brave,fearless,1,2,31.71,2.98
1499,courageous,fearless,3,2,3.16,2.98
1500,hopeless,desperate,2,2,8.94,25.69
1501,warm,cordial,1,2,52.14,1.22
1502,warm,excited,1,3,52.14,48.61
1503,enthusiastic,excited,5,3,2.78,48.61
1504,emotional,excited,4,3,21.2,48.61
1505,oblique,indirect,2,3,0.45,0.41
1506,gilded,golden,2,2,0.69,23.27
1507,recurrent,intermittent,3,4,0.25,0.55
1508,basic,introductory,2,5,15.57,0.33
1509,comic,burlesque,2,2,10.82,0.71
1510,comic,farcical,2,3,10.82,0.12
1511,mental,immaterial,2,5,19.65,0.88
1512,mental,interior,2,4,19.65,5.24
1513,mental,emotional,2,4,19.65,21.2
1514,mental,subjective,2,3,19.65,1.12
1515,quiet,undisturbed,2,3,117.22,0.71
1516,quiet,tranquil,2,2,117.22,0.82
1517,clandestine,covert,3,2,0.88,2.9
1518,clandestine,private,3,2,0.88,75.96
1519,privy,private,2,2,1.49,75.96
1520,secretive,private,3,2,1.33,75.96
1521,confidential,private,4,2,6.71,75.96
1522,alive,awake,2,2,154.47,26.71
1523,alert,awake,2,2,20.61,26.71
1524,excited,awake,3,2,48.61,26.71
1525,illiterate,uneducated,4,5,0.98,0.47
1526,hurtful,painful,2,2,1.14,15.16
1527,sharp,painful,1,2,23.78,15.16
1528,hurtful,harmful,2,2,1.14,1.29
1529,deleterious,harmful,5,2,0.18,1.29
1530,rare,singular,1,3,21.31,1.27
1531,peculiar,singular,3,3,7.55,1.27
1532,remarkable,singular,4,3,12.57,1.27
1533,extraordinary,singular,5,3,15.12,1.27
1534,unique,singular,2,3,13.65,1.27
1535,double,treble,2,2,62.71,0.18
1536,metaphorical,allegorical,5,5,0.27,0.16
1537,metaphorical,figurative,5,4,0.27,0.08
1538,charming,pleasing,2,2,28.12,1.55
1539,desirable,pleasing,4,2,1.94,1.55
1540,nice,pleasing,1,2,649.51,1.55
1541,agreeable,pleasing,4,2,1.59,1.55
1542,charming,amiable,2,4,28.12,0.59
1543,virtuous,exemplary,3,4,1.73,0.86
1544,meditative,contemplative,4,4,0.22,0.1
1545,meditative,reflective,4,3,0.22,0.61
1546,gritty,dirty,2,2,0.45,66.45
1547,grubby,dirty,2,2,0.57,66.45
1548,functional,official,3,3,2.73,24
1549,pure,unadulterated,1,6,24.92,0.39
1550,pure,spotless,1,2,24.92,1.18
1551,pure,stainless,1,2,24.92,0.73
1552,pure,guiltless,1,2,24.92,0.14
1553,pure,real,1,1,24.92,442.8
1554,positive,real,3,1,31.63,442.8
1555,intrinsic,real,3,1,0.2,442.8
1556,pleased,satisfied,1,3,28.53,15.51
1557,efficient,potent,3,2,4.96,1.49
1558,dangerous,hazardous,3,3,74.84,1.84
1559,dangerous,nasty,3,2,74.84,22.57
1560,vindictive,nasty,3,2,1.06,22.57
1561,dirty,nasty,2,2,66.45,22.57
1562,dangerous,delicate,3,3,74.84,9.51
1563,airy,delicate,2,3,0.31,9.51
1564,dangerous,perilous,3,3,74.84,0.78
1565,dangerous,nice,3,1,74.84,649.51
1566,gracious,nice,2,1,7.16,649.51
1567,elegant,nice,3,1,6.27,649.51
1568,accurate,nice,3,1,7.84,649.51
1569,neat,nice,1,1,12.45,649.51
1570,pleasant,nice,2,1,21.02,649.51
1571,lawful,legal,2,2,2.18,35.71
1572,lawful,legitimate,2,4,2.18,7.53
1573,natural,legitimate,3,4,42.35,7.53
1574,lawful,constitutional,2,5,2.18,2.2
1575,smooth,liquid,1,2,18.27,7.75
1576,watery,liquid,3,2,0.71,7.75
1577,clear,readable,1,3,171.82,0.18
1578,clear,acute,1,2,171.82,2.94
1579,intense,acute,2,2,10.2,2.94
1580,clear,serene,1,2,171.82,1.24
1581,superior,prior,4,2,13,8.27
1582,disabled,lame,3,1,3.47,10.92
1583,disabled,crippled,3,2,3.47,4.12
1584,artistic,aesthetic,3,3,4.92,0.67
1585,cortical,superficial,3,4,0.2,2.9
1586,shallow,superficial,2,4,5.9,2.9
1587,cortical,external,3,3,0.2,2.47
1588,formal,external,2,3,8.31,2.47
1589,objective,external,3,3,7.04,2.47
1590,earnest,sincere,2,2,1.57,5.98
1591,faithful,sincere,2,2,9.12,5.98
1592,earnest,warm,2,1,1.57,52.14
1593,tender,warm,2,1,8.88,52.14
1594,earnest,eager,2,2,1.57,6.86
1595,earnest,solemn,2,2,1.57,2.2
1596,sublime,solemn,2,2,1.45,2.2
1597,main,leading,1,2,42.73,20.86
1598,teen,teenage,1,2,4.1,6.86
1599,sweet,gracious,1,2,145.2,7.16
1600,affable,gracious,3,2,0.12,7.16
1601,kind,gracious,1,2,590.69,7.16
1602,sweet,sugary,1,3,145.2,0.29
1603,curious,inquisitive,3,4,26.22,1
1604,constant,steadfast,2,2,9.92,0.43
1605,constant,unremitting,2,4,9.92,0.06
1606,constant,continuous,2,4,9.92,1.92
1607,constant,determined,2,3,9.92,13.16
1608,upset,determined,2,3,74.51,13.16
1609,constant,immutable,2,4,9.92,0.16
1610,eternal,immutable,3,4,10.73,0.16
1611,constant,solid,2,2,9.92,19.57
1612,substantial,solid,3,2,3.57,19.57
1613,constant,consistent,2,3,9.92,5.75
1614,witty,satirical,2,4,3.2,0.18
1615,obscure,difficult,2,3,2.59,60.16
1616,fastidious,difficult,4,3,0.37,60.16
1617,cumbersome,difficult,3,3,0.29,60.16
1618,obscure,humble,2,2,2.59,9.8
1619,lowly,humble,2,2,1.71,9.8
1620,linear,additive,3,3,0.55,0.22
1621,legitimate,logical,4,3,7.53,7.39
1622,legitimate,genuine,4,3,7.53,8.2
1623,actual,genuine,3,3,17.33,8.2
1624,original,genuine,4,3,28.24,8.2
1625,legitimate,reasonable,4,4,7.53,18.55
1626,crazy,insane,2,2,272.27,38.69
1627,disposed,minded,2,2,1.73,1.39
1628,unchanging,static,3,2,0.16,4.98
1629,electrostatic,static,5,2,0.2,4.98
1630,reliable,sure,4,1,5.9,1099.82
1631,reliable,certain,4,2,5.9,85.37
1632,positive,certain,3,2,31.63,85.37
1633,secure,certain,2,2,24.33,85.37
1634,wonderful,miraculous,3,4,164,2.1
1635,wonderful,grand,3,1,164,63.02
1636,magnificent,grand,4,1,13.22,63.02
1637,glorious,grand,3,1,9.29,63.02
1638,heroic,grand,3,1,4.59,63.02
1639,elevated,grand,4,1,2.49,63.02
1640,luxurious,grand,4,1,1.12,63.02
1641,deluxe,grand,2,1,1.92,63.02
1642,wonderful,strange,3,1,164,86.43
1643,monstrous,strange,2,1,2.39,86.43
1644,peculiar,strange,3,1,7.55,86.43
1645,singular,strange,3,1,1.27,86.43
1646,uncommon,strange,3,1,2.16,86.43
1647,erratic,strange,3,1,1.67,86.43
1648,whimsical,strange,3,1,0.78,86.43
1649,wonderful,surprising,3,3,164,6.02
1650,slight,frail,1,1,10.18,1.59
1651,uncertain,indefinite,3,4,2.37,0.39
1652,uncertain,equivocal,3,4,2.37,0.16
1653,uncertain,variable,3,4,2.37,0.76
1654,watchful,vigilant,2,3,0.39,0.75
1655,alert,vigilant,2,3,20.61,0.75
1656,overt,public,2,2,0.27,71.08
1657,popular,public,3,2,23.08,71.08
1658,official,public,3,2,24,71.08
1659,elegant,polished,3,2,6.27,2
1660,polite,polished,2,2,13.94,2
1661,refined,polished,2,2,2.02,2
1662,elegant,tasteful,3,2,6.27,1.35
1663,additional,supplemental,4,4,5.88,0.59
1664,additional,supplementary,4,5,5.88,0.25
1665,random,haphazard,2,3,10.24,0.2
1666,disgusting,revolting,3,3,26.61,1.92
1667,disgusting,foul,3,1,26.61,14.47
1668,dirty,foul,2,1,66.45,14.47
1669,deep,muddy,1,2,76.39,3
1670,murky,muddy,2,2,0.61,3
1671,destitute,needy,3,2,0.71,3.04
1672,destitute,penniless,3,3,0.71,1.24
1673,deficient,lacking,3,2,0.55,2.53
1674,deficient,inferior,3,4,0.55,3.06
1675,substandard,inferior,3,4,0.43,3.06
1676,subordinate,inferior,4,4,0.61,3.06
1677,subject,inferior,2,4,36.96,3.06
1678,gray,grayish,1,2,21.12,0.1
1679,speedy,fast,2,1,1.96,137.45
1680,firm,fast,1,1,35.27,137.45
1681,thick,fast,1,1,13.98,137.45
1682,rapid,fast,2,1,4.37,137.45
1683,convivial,social,4,2,0.16,33.39
1684,quick,hasty,1,2,108.67,3.51
1685,quick,impatient,1,3,108.67,4.04
1686,quick,speedy,1,2,108.67,1.96
1687,ready,speedy,2,2,387.8,1.96
1688,actual,absolute,3,3,17.33,11.31
1689,positive,absolute,3,3,31.63,11.31
1690,actual,very,3,2,17.33,1241.25
1691,actual,factual,3,3,17.33,0.53
1692,risky,speculative,2,4,7.71,0.24
1693,theoretical,speculative,5,4,1.86,0.24
1694,total,sum,2,1,37.65,10.25
1695,dubious,questionable,3,4,1.43,2.29
1696,comparable,like,4,1,0.47,3998.96
1697,homogeneous,like,5,1,0.06,3998.96
1698,devout,religious,2,3,0.75,13.86
1699,unnecessary,unneeded,5,3,6.2,0.06
1700,unnecessary,superfluous,5,3,6.2,0.45
1701,ambiguous,indeterminate,4,5,0.73,0.35
1702,open,obvious,2,3,320.41,29.57
1703,apparent,obvious,3,3,4.22,29.57
1704,evident,obvious,3,3,1.33,29.57
1705,open,apparent,2,3,320.41,4.22
1706,ostensible,apparent,4,3,0.06,4.22
1707,top,best,1,1,133.43,404.37
1708,top,better,1,2,133.43,794
1709,enhanced,better,2,2,0.96,794
1710,glad,pleased,1,1,171.37,28.53
1711,delighted,pleased,3,1,12.94,28.53
1712,dishonest,disingenuous,3,5,2.59,0.14
1713,dishonest,deceitful,3,3,2.59,1.14
1714,dishonest,untrustworthy,3,4,2.59,0.41
1715,electric,electrical,3,4,17.14,8.63
1716,electric,magnetic,3,3,17.14,4.22
1717,last,farthest,1,2,723.1,0.82
1718,last,late,1,1,723.1,269.73
1719,deceased,late,2,1,6.29,269.73
1720,overdue,late,3,1,2.9,269.73
1721,previous,late,3,1,9.49,269.73
1722,recent,late,2,1,13.12,269.73
1723,last,net,1,1,723.1,15.55
1724,ready,easy,2,2,387.8,265.71
1725,easygoing,easy,4,2,0.43,265.71
1726,ready,apt,2,1,387.8,1.75
1727,ready,willing,2,2,387.8,49.25
1728,pregnant,willing,2,2,52.02,49.25
1729,ready,cheerful,2,2,387.8,3.73
1730,ready,fitted,2,2,387.8,1.75
1731,ready,near,2,1,387.8,83.1
1732,adjacent,near,3,1,1.33,83.1
1733,definite,particular,3,4,6.16,27.9
1734,accurate,particular,3,4,7.84,27.9
1735,proper,particular,2,4,25.27,27.9
1736,respective,particular,3,4,0.8,27.9
1737,detailed,particular,2,4,3.92,27.9
1738,simple,uncomplicated,2,5,89.31,0.61
1739,simple,homogenous,2,4,89.31,0.04
1740,similar,homogenous,3,4,13.63,0.04
1741,simple,harmless,2,2,89.31,8.65
1742,inoffensive,harmless,4,2,0.24,8.65
1743,infectious,contagious,3,3,1.27,3.33
1744,antiquated,obsolete,4,3,0.55,1.92
1745,worthy,noble,2,2,10.33,14.59
1746,sublime,noble,2,2,1.45,14.59
1747,heroic,noble,3,2,4.59,14.59
1748,generous,noble,3,2,16.71,14.59
1749,dignified,noble,3,2,2.69,14.59
1750,worthy,virtuous,2,3,10.33,1.73
1751,alone,solitary,2,4,308.53,3.41
1752,lonely,solitary,2,4,41.67,3.41
1753,private,solitary,2,4,75.96,3.41
1754,sole,solitary,1,4,5.25,3.41
1755,alone,desolate,2,3,308.53,0.98
1756,senseless,pointless,2,2,2.57,3.59
1757,peaceful,passive,2,2,11.24,2.18
1758,handsome,attractive,2,3,33.02,24.63
1759,handsome,convenient,2,3,33.02,8.55
1760,handsome,comely,2,2,33.02,0.37
1761,distressed,worried,2,2,1.39,94.73
1762,naughty,mischievous,2,3,10.25,0.43
1763,difficult,cumbersome,3,3,60.16,0.29
1764,difficult,laborious,3,4,60.16,0.12
1765,cool,cold,1,1,195.88,130.16
1766,icy,cold,2,1,2.65,130.16
1767,chilling,cold,2,1,1.61,130.16
1768,unfeeling,cold,3,1,0.65,130.16
1769,unemotional,cold,5,1,0.2,130.16
1770,inhuman,cold,3,1,1.78,130.16
1771,theoretical,ideal,5,2,1.86,7.33
1772,furnished,equipped,2,2,1.22,4.25
1773,armed,equipped,1,2,22.82,4.25
1774,virgin,new,2,1,18.84,723.78
1775,large,diffuse,1,2,41.45,0.98
1776,large,gigantic,1,3,41.45,3.73
1777,large,plentiful,1,3,41.45,0.29
1778,barbarous,ignorant,3,3,0.22,6.25
1779,unaware,ignorant,3,3,2.35,6.25
1780,barbarous,foreign,3,2,0.22,22.29
1781,unrelated,foreign,4,2,1.06,22.29
1782,barbarian,foreign,4,2,1.8,22.29
1783,outlandish,foreign,3,2,0.33,22.29
1784,crude,vulgar,1,2,3.04,3.27
1785,common,vulgar,2,2,44.61,3.27
1786,dumb,vulgar,1,2,46.96,3.27
1787,crude,gross,1,1,3.04,15.27
1788,crude,primitive,1,3,3.04,5.16
1789,original,primitive,4,3,28.24,5.16
1790,aboriginal,primitive,5,3,0.18,5.16
1791,archaic,primitive,3,3,0.69,5.16
1792,allowable,permissible,4,4,0.1,0.45
1793,amusing,witty,3,2,9.2,3.2
1794,sparkling,witty,2,2,2,3.2
1795,humorous,witty,3,2,1.47,3.2
1796,cultural,ethnic,3,2,3.96,1.78
1797,accurate,correct,3,2,7.84,44.94
1798,nice,correct,1,2,649.51,44.94
1799,inept,clumsy,2,2,0.84,5.39
1800,median,average,3,3,0.39,16.65
1801,mediocre,average,4,3,1.39,16.65
1802,thriving,prosperous,2,3,1.22,1.25
1803,easy,prosperous,2,3,265.71,1.25
1804,steadfast,resolute,2,3,0.43,0.61
1805,determined,resolute,3,3,13.16,0.61
1806,regional,local,3,2,3.12,41.73
1807,sectional,local,3,2,0.27,41.73
1808,aghast,shocked,2,1,0.14,11.73
1809,brutal,merciless,2,3,7.35,1.2
1810,brutal,barbaric,2,3,7.35,1.41
1811,uncivilized,barbaric,4,3,0.69,1.41
1812,brutal,unfeeling,2,3,7.35,0.65
1813,callous,unfeeling,2,3,0.98,0.65
1814,brutal,unrelenting,2,4,7.35,0.45
1815,brutal,barbarous,2,3,7.35,0.22
1816,ferocious,barbarous,3,3,1.55,0.22
1817,brutal,bestial,2,2,7.35,0.14
1818,frightened,terrified,2,3,23.25,9.57
1819,solitary,individual,4,5,3.41,11.69
1820,integral,individual,3,5,0.73,11.69
1821,peculiar,individual,3,5,7.55,11.69
1822,separate,individual,3,5,21.71,11.69
1823,inseparable,individual,5,5,1,11.69
1824,respective,individual,3,5,0.8,11.69
1825,homeless,stateless,2,2,10.65,0.14
1826,polite,civil,2,2,13.94,15.94
1827,royal,imperial,2,4,23.24,2.47
1828,purple,imperial,2,4,12.33,2.47
1829,royal,purple,2,2,23.24,12.33
1830,assorted,various,3,3,0.96,8.94
1831,sundry,various,2,3,0.25,8.94
1832,diverse,various,2,3,0.76,8.94
1833,versatile,various,3,3,0.94,8.94
1834,miscellaneous,various,5,3,0.43,8.94
1835,nimble,swift,2,1,0.59,3.86
1836,nimble,agile,2,2,0.59,0.39
1837,natural,characteristic,3,5,42.35,1.18
1838,natural,lifelike,3,2,42.35,0.61
1839,natural,aboriginal,3,5,42.35,0.18
1840,natural,accustomed,3,3,42.35,2.92
1841,natural,regular,3,3,42.35,33.86
1842,normal,regular,2,3,70.37,33.86
1843,uniform,regular,3,3,24.82,33.86
1844,symmetrical,regular,4,3,0.59,33.86
1845,natural,native,3,2,42.35,8.25
1846,genuine,native,3,2,8.2,8.25
1847,mathematical,accurate,5,3,1.59,7.84
1848,nice,accurate,1,3,649.51,7.84
1849,narrow,accurate,2,3,7.02,7.84
1850,tart,sour,1,2,2.39,5.82
1851,bitter,sour,2,2,11.14,5.82
1852,sharp,sour,1,2,23.78,5.82
1853,first,pristine,1,2,840.57,0.76
1854,original,pristine,4,2,28.24,0.76
1855,first,maiden,1,2,840.57,5.53
1856,first,inaugural,1,4,840.57,0.39
1857,first,principal,1,3,840.57,13.75
1858,daring,adventurous,2,4,4.2,1.22
1859,foul,filthy,1,2,14.47,16.43
1860,impure,filthy,2,2,0.8,16.43
1861,optic,optical,2,3,1.02,1.1
1862,disgraceful,shameful,3,2,1.82,1.92
1863,formal,ceremonial,2,5,8.31,1.37
1864,bitter,pungent,2,2,11.14,0.39
1865,grim,relentless,1,3,4.78,1.55
1866,grim,unforgiving,1,4,4.78,0.51
1867,unwanted,undesirable,3,5,1.37,0.65
1868,firm,unwavering,1,4,35.27,0.37
1869,TRUE,unwavering,1,4,253.35,0.37
1870,normal,perpendicular,2,5,70.37,0.2
1871,normal,typical,2,3,70.37,12.59
1872,figurative,typical,4,3,0.08,12.59
1873,conventional,typical,4,3,3.04,12.59
1874,characteristic,typical,5,3,1.18,12.59
1875,symbolic,typical,3,3,1.55,12.59
1876,charitable,benevolent,4,4,2.04,0.73
1877,expensive,extravagant,3,4,27.94,1.45
1878,common,national,2,3,44.61,38.16
1879,common,profane,2,2,44.61,0.55
1880,common,frequent,2,2,44.61,2.75
1881,common,commonplace,2,3,44.61,0.78
1882,trite,commonplace,1,3,0.78,0.78
1883,common,customary,2,4,44.61,2.18
1884,ordinary,customary,4,4,19.08,2.18
1885,common,universal,2,4,44.61,5.86
1886,exclusive,sole,3,1,7.8,5.25
1887,individual,same,5,1,11.69,417.18
1888,homogeneous,same,5,1,0.06,417.18
1889,identical,same,4,1,5.53,417.18
1890,disconnected,disjointed,4,3,3.12,0.16
1891,disconnected,fragmented,4,3,3.12,0.25
1892,reluctant,unwilling,3,3,2.51,1.16
1893,dissimilar,different,4,3,0.25,209.53
1894,distinct,different,2,3,3.04,209.53
1895,unlike,different,2,3,10.39,209.53
1896,internal,inherent,3,3,9.84,0.59
1897,constitutional,inherent,5,3,2.2,0.59
1898,internal,inside,3,2,9.84,211.27
1899,excellent,prime,3,1,52.71,18.29
1900,horrific,terrible,3,3,1.37,94.02
1901,awful,terrible,2,3,63.41,94.02
1902,tragic,terrible,2,3,12.24,94.02
1903,integral,intact,3,2,0.73,6.35
1904,physical,medicinal,3,4,27.18,0.61
1905,curative,medicinal,3,4,0.22,0.61
1906,figurative,representative,4,5,0.08,5.29
1907,thick,extreme,1,2,13.98,10.94
1908,final,extreme,2,2,49.67,10.94
1909,definitive,conclusive,4,3,1.94,1.2
1910,definitive,final,4,2,1.94,49.67
1911,terminal,final,3,2,7.65,49.67
1912,conclusive,final,3,2,1.2,49.67
1913,constitutional,organic,5,3,2.2,4.31
1914,structural,organic,3,3,1.82,4.31
1915,wet,useless,1,2,39.22,19.94
1916,worthless,useless,2,2,9.27,19.94
1917,idle,useless,2,2,2.76,19.94
1918,tender,fond,2,1,8.88,12.33
1919,TRUE,reliable,1,4,253.35,5.9
1920,dependable,reliable,4,4,1.67,5.9
1921,sure,reliable,1,4,1099.82,5.9
1922,truthful,reliable,2,4,2.14,5.9
1923,TRUE,truthful,1,2,253.35,2.14
1924,TRUE,honest,1,2,253.35,72.33
1925,trustworthy,honest,3,2,1.84,72.33
1926,righteous,honest,2,2,3.92,72.33
1927,lavish,wasteful,2,2,0.76,0.59
1928,terrific,tremendous,3,3,41.92,8.45
1929,enormous,tremendous,3,3,10.31,8.45
1930,terrific,fantastic,3,3,41.92,39.78
1931,whimsical,fantastic,3,3,0.78,39.78
1932,devoid,empty,2,2,0.71,47.24
1933,worthless,empty,2,2,9.27,47.24
1934,blank,empty,1,2,9.71,47.24
1935,barren,empty,2,2,1.47,47.24
1936,original,primal,4,2,28.24,1.14
1937,original,primary,4,3,28.24,8.71
1938,prime,primary,1,3,18.29,8.71
1939,remote,primary,2,3,13.98,8.71
1940,principal,primary,3,3,13.75,8.71
1941,original,radical,4,3,28.24,4.27
1942,aboriginal,indigenous,5,4,0.18,1.12
1943,endemic,indigenous,3,4,0.14,1.12
1944,productive,fruitful,3,2,2.41,0.92
1945,fertile,fruitful,2,2,1.57,0.92
1946,pragmatic,functional,3,3,0.59,2.73
1947,operative,functional,4,3,3.25,2.73
1948,pragmatic,philosophical,3,5,0.59,1.59
1949,unified,integrated,3,4,1.16,1.08
1950,limitless,infinite,3,3,0.71,3.49
1951,studious,bookish,3,2,0.12,0.18
1952,impatient,irritable,3,4,4.04,1.45
1953,sound,profound,1,2,143.39,4.18
1954,solid,profound,2,2,19.57,4.18
1955,sound,unharmed,1,2,143.39,1.51
1956,sound,safe,1,1,143.39,143.2
1957,neat,finished,1,2,12.45,83.71
1958,peculiar,odd,3,1,7.55,24.04
1959,eccentric,odd,3,1,3.51,24.04
1960,peculiar,specific,3,3,7.55,17.8
1961,independent,exclusive,4,3,9.35,7.8
1962,independent,sovereign,4,2,9.35,2.51
1963,autonomous,sovereign,4,2,0.22,2.51
1964,contentious,litigious,3,3,0.18,0.25
1965,golden,lucky,2,2,23.27,143.45
1966,continuous,extended,4,3,1.92,4.18
1967,acidic,acid,3,2,0.22,9.96
1968,pregnant,significant,2,4,52.02,6.49
1969,relevant,significant,3,4,5.61,6.49
1970,fast,reckless,1,2,137.45,4.92
1971,rich,fertile,1,2,80.39,1.57
1972,rich,gorgeous,1,2,80.39,24.06
1973,rich,bountiful,1,3,80.39,0.76
1974,same,unchanged,1,2,417.18,0.71
1975,same,identical,1,4,417.18,5.53
1976,synonymous,identical,4,4,0.55,5.53
1977,same,similar,1,3,417.18,13.63
1978,distinct,marked,2,1,3.04,10.73
1979,conventional,artificial,4,4,3.04,4.82
1980,manly,male,2,1,4.04,33.94
1981,masculine,male,3,1,2.45,33.94
1982,manly,masculine,2,3,4.04,2.45
1983,trustworthy,ethical,3,3,1.84,2.73
1984,ambitious,audacious,3,3,4.76,0.51
1985,athletic,acrobatic,3,4,3.86,0.24
1986,loose,vague,1,1,41.78,4.53
1987,undefined,vague,3,1,0.2,4.53
1988,visible,visual,3,3,4.96,11.49
1989,shiny,glossy,2,2,7.8,0.47
1990,lustrous,glossy,2,2,0.29,0.47
1991,easy,manageable,2,4,265.71,0.63
1992,easy,easygoing,2,4,265.71,0.43
1993,joint,combined,1,2,27.55,4.14
1994,joint,concurrent,1,3,27.55,0.22
1995,joint,concerted,1,3,27.55,0.06
1996,stocky,stout,2,1,0.18,1.04
1997,insignificant,trivial,5,3,2.63,1.82
1998,superficial,trivial,4,3,2.9,1.82
1999,unequal,unfair,3,2,0.2,9.84
2000,unjust,unfair,2,2,1.16,9.84
2001,shameful,disgraceful,2,3,1.92,1.82
2002,triumphant,victorious,3,4,1.37,1.29
2003,apparent,ostensible,3,4,4.22,0.06
2004,threefold,twofold,2,2,0.1,0.16
2005,absolute,arbitrary,3,4,11.31,1.02
2006,absolute,ultimate,3,3,11.31,9.02
2007,satisfactory,acceptable,4,4,3,5.27
2008,ordinary,mediocre,4,4,19.08,1.39
2009,lackluster,mediocre,3,4,0.12,1.39
2010,dramatic,melodramatic,3,5,9.78,1.22
2011,sensational,melodramatic,4,5,4.02,1.22
2012,dramatic,scenic,3,2,9.78,1.04
2013,primary,immediate,3,4,8.71,11.2
2014,near,immediate,1,4,83.1,11.2
2015,sharp,gritty,1,2,23.78,0.45
2016,sharp,clever,1,2,23.78,27.27
2017,adroit,clever,2,2,0.12,27.27
2018,ingenious,clever,3,2,2.12,27.27
2019,skillful,clever,2,2,0.78,27.27
2020,casual,nonchalant,3,3,7.31,0.37
2021,lazy,sluggish,2,2,11.59,0.78
2022,reckless,foolhardy,2,3,4.92,0.41
2023,reckless,negligent,2,3,4.92,1
2024,instinctive,intuitive,3,4,0.41,1.06
2025,singular,remarkable,3,4,1.27,12.57
2026,extraordinary,remarkable,5,4,15.12,12.57
2027,noteworthy,remarkable,3,4,0.16,12.57
2028,singular,extraordinary,3,5,1.27,15.12
2029,surprising,extraordinary,3,5,6.02,15.12
2030,strange,extraordinary,1,5,86.43,15.12
2031,abnormal,extraordinary,3,5,2.9,15.12
2032,unbelievable,incredible,5,4,29.41,37.8
2033,fixed,rigid,1,2,32.29,1.86
2034,strict,rigid,1,2,7.02,1.86
2035,stiff,rigid,1,2,10.25,1.86
2036,small,diminished,1,3,124.96,1.24
2037,small,slender,1,2,124.96,0.75
2038,small,lowly,1,2,124.96,1.71
2039,humble,lowly,2,2,9.8,1.71
2040,popular,accepted,3,3,23.08,15.71
2041,popular,cheap,3,1,23.08,36.24
2042,cheesy,cheap,2,1,2.61,36.24
2043,tacky,cheap,2,1,2.63,36.24
2044,wavy,undulating,2,4,0.55,0.1
2045,blank,vacant,1,2,9.71,2.65
2046,fictitious,fictional,3,3,0.61,1.39
2047,myopic,nearsighted,3,3,0.25,0.53
2048,artificial,stilted,4,2,4.82,0.16
2049,artificial,contrived,4,2,4.82,0.53
2050,rustic,unsophisticated,2,6,0.78,0.29
2051,crafty,subtle,2,2,1.04,6.94
2052,ingenious,subtle,3,2,2.12,6.94
2053,fine,subtle,1,2,598.08,6.94
2054,mortal,human,2,2,9.57,124.76
2055,awful,awesome,2,2,63.41,31.37
2056,amazing,awesome,3,2,81.71,31.37
2057,delicate,refined,3,2,9.51,2.02
2058,cultured,refined,2,2,0.96,2.02
2059,graceful,refined,2,2,2.31,2.02
2060,delicate,luxurious,3,4,9.51,1.12
2061,delicate,exquisite,3,3,9.51,4.18
2062,fine,exquisite,1,3,598.08,4.18
2063,apprehensive,fearful,4,2,0.55,2.16
2064,passive,submissive,2,3,2.18,0.88
2065,passive,peaceful,2,2,2.18,11.24
2066,tranquil,peaceful,2,2,0.82,11.24
2067,gentle,peaceful,2,2,16.55,11.24
2068,unjust,unequal,2,3,1.16,0.2
2069,muscular,brawny,3,2,1.55,0.18
2070,fearless,courageous,2,3,2.98,3.16
2071,fearless,intrepid,2,3,2.98,0.61
2072,glorious,praiseworthy,3,3,9.29,0.08
2073,uncommon,scarce,3,1,2.16,1.71
2074,uncommon,infrequent,3,3,2.16,0.1
2075,psychic,mental,2,2,11.86,19.65
2076,creepy,crawly,2,2,11.14,0.12
2077,strict,tight,1,1,7.02,50.92
2078,closed,tight,1,1,54.08,50.92
2079,populated,populous,4,3,1.1,0.04
2080,desirable,preferable,4,4,1.94,0.92
2081,sublime,elevated,2,4,1.45,2.49
2082,runaway,fugitive,3,3,4.06,5.18
2083,passionate,intense,3,2,6,10.2
2084,astonishing,amazing,4,3,1.71,81.71
2085,awesome,amazing,2,3,31.37,81.71
2086,lean,spare,1,1,10.37,30.84
2087,concrete,composite,2,3,7.43,1.25
2088,ceaseless,endless,2,2,0.16,6.63
2089,whole,unbroken,1,3,385.49,0.39
2090,prime,most,1,1,18.29,350.76
2091,prime,select,1,2,18.29,3.53
2092,destructive,devastating,3,4,2.39,2.73
2093,destructive,deadly,3,2,2.39,9.88
2094,venomous,deadly,3,2,0.53,9.88
2095,excessive,deadly,3,2,2.43,9.88
2096,horrible,frightening,3,3,42.43,5.76
2097,horrible,awful,3,2,42.43,63.41
2098,awesome,awful,2,2,31.37,63.41
2099,horrible,shocking,3,2,42.43,6.18
2100,oily,greasy,2,2,0.96,3.9
2101,serial,sequential,3,3,11.31,0.2
2102,serial,consecutive,3,4,11.31,1.63
2103,squat,stocky,1,2,3.14,0.18
2104,humid,damp,2,1,0.88,2.92
2105,dry,wry,1,1,42.82,0.2
2106,dry,arid,1,2,42.82,0.31
2107,insurgent,revolutionary,3,6,0.24,4.39
2108,introductory,initial,5,3,0.33,6.37
2109,rudimentary,initial,5,3,0.67,6.37
2110,happy,contented,2,3,333.2,0.76
2111,vindictive,spiteful,3,2,1.06,0.75
2112,remarkable,conspicuous,4,4,12.57,1.47
2113,distinguished,conspicuous,3,4,6.18,1.47
2114,pleasant,agreeable,2,4,21.02,1.59
2115,likely,agreeable,2,4,25.76,1.59
2116,shameless,brazen,2,2,1.9,1.18
2117,sophisticated,advanced,5,2,6.78,8.84
2118,wasteful,lavish,2,2,0.59,0.76
2119,secular,worldly,3,2,0.49,1.51
2120,minded,disposed,2,2,1.39,1.73
2121,prepared,disposed,2,2,35.78,1.73
2122,civilized,enlightened,3,3,6.18,1.71
2123,regal,royal,2,2,1.14,23.24
2124,princely,royal,2,2,0.12,23.24
2125,spiritual,inner,4,2,8.88,9.94
2126,spiritual,platonic,4,3,8.88,1.22
2127,spiritual,intellectual,4,5,8.88,4.59
2128,spiritual,inward,4,2,8.88,0.78
2129,perfect,flawless,2,2,158.65,1.57
2130,diaphanous,transparent,4,3,0.1,1.8
2131,prior,previous,2,3,8.27,9.49
2132,little,insignificant,2,5,1446.39,2.63
2133,meaningless,insignificant,3,5,4.86,2.63
2134,complex,detailed,2,2,13.12,3.92
2135,elaborate,detailed,3,2,4.75,3.92
2136,explicit,express,3,2,1.39,17.92
2137,wrong,incorrect,1,3,523.1,2.22
2138,shocked,aghast,1,2,11.73,0.14
2139,reflective,meditative,3,4,0.61,0.22
2140,pensive,meditative,2,4,0.37,0.22
2141,next,adjacent,1,3,452.75,1.33
2142,adjoining,adjacent,3,3,1.12,1.33
2143,separate,divided,3,3,21.71,4.45
2144,real,authentic,1,3,442.8,4.51
2145,genuine,authentic,3,3,8.2,4.51
2146,real,material,1,4,442.8,22.14
2147,compassionate,tender,4,2,1.78,8.88
2148,compassionate,sympathetic,4,4,1.78,3.8
2149,kind,sympathetic,1,4,590.69,3.8
2150,least,minimum,1,3,207.76,8.14
2151,minimal,minimum,3,3,2.16,8.14
2152,positive,convinced,3,2,31.63,20.8
2153,positive,indisputable,3,5,31.63,0.2
2154,positive,confident,3,3,31.63,10.65
2155,operational,usable,5,3,3.82,0.53
2156,quadruple,double,3,2,0.76,62.71
2157,dual,double,2,2,1.12,62.71
2158,unacceptable,impossible,5,4,5.31,59.12
2159,impracticable,impossible,5,4,0.06,59.12
2160,unacceptable,unwelcome,5,3,5.31,0.73
2161,healthy,wholesome,2,2,24.75,1.59
2162,immutable,unalterable,4,5,0.16,0.1
2163,nervous,neural,2,2,67.16,1.96
2164,nervous,excitable,2,4,67.16,0.47
2165,gratuitous,unnecessary,4,5,0.35,6.2
2166,pale,blank,1,1,8.02,9.71
2167,pale,sickly,1,2,8.02,0.76
2168,modern,contemporary,2,5,18.24,1.94
2169,protected,secure,3,2,10.86,24.33
2170,safe,secure,1,2,143.2,24.33
2171,mobile,fickle,2,2,7.47,1.18
2172,eccentric,bizarre,3,2,3.51,7.29
2173,cheerful,optimistic,2,4,3.73,3.39
2174,anachronistic,outdated,5,3,0.06,0.8
2175,multinational,transnational,5,4,0.63,0.08
2176,loud,brassy,1,2,39.82,0.12
2177,loud,garish,1,2,39.82,0.22
2178,crucial,decisive,2,3,4.59,1.29
2179,critical,decisive,3,3,12.25,1.29
2180,optional,discretionary,3,5,1.14,0.41
2181,fussy,fastidious,2,4,1.55,0.37
2182,spectacular,outstanding,4,3,5.67,7.45
2183,prominent,outstanding,3,3,2.55,7.45
2184,arrogant,haughty,3,2,5.22,0.41
2185,arrogant,proud,3,1,5.22,83.63
2186,indirect,secondary,3,4,0.41,4.1
2187,effective,efficacious,3,4,10.51,0.2
2188,solid,impenetrable,2,5,19.57,1.02
2189,solid,valid,2,2,19.57,3.22
2190,solid,satisfying,2,4,19.57,2.53
2191,fraudulent,fake,3,1,0.35,36.33
2192,fatal,fateful,2,2,7.1,1
2193,nominal,titular,3,3,0.75,0.2
2194,preventative,prophylactic,4,4,0.27,0.57
2195,preventive,prophylactic,3,4,0.24,0.57
2196,rigorous,strict,3,1,0.84,7.02
2197,religious,strict,3,1,13.86,7.02
2198,uncompromising,strict,5,1,0.41,7.02
2199,unplanned,unintentional,2,5,0.18,0.41
2200,unconscious,unintentional,3,5,11.43,0.41
2201,hairy,haired,2,1,6.31,0.24
2202,hairy,woolly,2,2,6.31,0.47
2203,similar,such,3,1,13.63,291.22
2204,unlawful,wrongful,3,2,0.76,1.06
2205,worldly,mundane,2,2,1.51,0.8
2206,blasphemous,irreverent,3,4,0.43,0.14
2207,second,forward,2,2,284.57,72.33
2208,second,back,2,1,284.57,2009.16
2209,necessary,requisite,4,3,45.98,0.37
2210,idle,unemployed,2,3,2.76,3.65
2211,terrifying,terrific,4,3,4.25,41.92
2212,respectable,proper,4,2,5.65,25.27
2213,fitting,proper,2,2,5.59,25.27
2214,teeny,tiny,2,2,2.51,32.22
2215,minuscule,tiny,3,2,0.25,32.22
2216,fleshy,succulent,2,3,0.57,0.45
2217,commodious,spacious,4,2,0.02,1.14
2218,scared,frightened,1,2,133.39,23.25
2219,sticky,cohesive,2,3,5.73,0.14
2220,harmful,injurious,2,4,1.29,0.12
2221,more,increased,1,2,1298.59,4.08
2222,immediate,next,4,1,11.2,452.75
2223,immediate,instant,4,2,11.2,10.78
2224,sane,healthy,1,2,5.51,24.75
2225,adjunct,associate,2,4,0.14,8.98
2226,approachable,affable,4,3,0.08,0.12
2227,soft,subdued,1,2,32.02,0.63
2228,tolerant,liberal,3,3,1.27,3.98
2229,hateful,repugnant,2,3,2,0.76
2230,contrary,repugnant,3,3,8.9,0.76
2231,stubborn,unyielding,2,3,10.86,0.16
2232,stubborn,inflexible,2,4,10.86,0.16
2233,rigid,inflexible,2,4,1.86,0.16
2234,stubborn,persistent,2,3,10.86,2.59
2235,affable,genial,3,2,0.12,0.2
2236,amiable,genial,4,2,0.59,0.2
2237,dumb,mute,1,1,46.96,2.49
2238,painstaking,conscientious,3,4,0.24,1.22
2239,religious,conscientious,3,4,13.86,1.22
2240,various,sundry,3,2,8.94,0.25
2241,haphazard,unplanned,3,2,0.2,0.18
2242,mundane,routine,2,2,0.8,19.84
2243,miserly,greedy,3,2,0.06,6.63
2244,classy,cool,2,1,5.76,195.88
2245,awesome,cool,2,1,31.37,195.88
2246,hereditary,familial,5,3,1.18,0.25
2247,dismal,dreary,2,2,0.94,1.8
2248,geological,geologic,5,4,0.82,0.06
2249,serious,sober,3,2,148.35,10.1
2250,profane,blasphemous,2,3,0.55,0.43
2251,minimum,minimal,3,3,8.14,2.16
2252,mandatory,required,4,3,2.47,10.73
2253,mandatory,compulsory,4,4,2.47,0.73
2254,coercive,compulsory,3,4,0.14,0.73
2255,nationalistic,chauvinistic,5,4,0.08,0.29
2256,adjoining,contiguous,3,4,1.12,0.06
2257,systematic,methodical,4,4,0.59,0.51
2258,dirty,vile,2,1,66.45,4.43
2259,extensive,nationwide,3,3,3.71,1.33
2260,tall,lofty,1,2,32.33,0.78
2261,abusive,fraudulent,3,3,1.63,0.35
2262,transnational,multinational,4,5,0.08,0.63
2263,juicy,luscious,2,2,4.29,1.27
2264,grotesque,monstrous,2,2,1.57,2.39
2265,prominent,striking,3,2,2.55,4.39
2266,salient,striking,3,2,0.25,4.39
2267,tragic,dramatic,2,3,12.24,9.78
2268,geometric,geometrical,4,5,0.45,0.12
2269,inconvenient,embarrassing,4,4,1.63,22.84
2270,awkward,embarrassing,2,4,14.31,22.84
2271,chauvinistic,nationalistic,4,5,0.29,0.08
2272,perpetual,eternal,4,3,1.55,10.73
2273,eloquent,articulate,3,4,0.96,1.67
2274,kind,generous,1,3,590.69,16.71
2275,bountiful,generous,3,3,0.76,16.71
2276,magnanimous,generous,4,3,0.25,16.71
2277,obedient,pious,4,2,1.96,0.94
2278,sympathetic,appealing,4,3,3.8,3.18
2279,irrational,unreasonable,4,4,2.92,3.8
2280,disastrous,catastrophic,3,4,1.67,1.27
2281,criminal,illegal,3,3,34.47,23.51
2282,criminal,burglar,3,2,34.47,5.53
2283,venomous,toxic,3,2,0.53,4.9
2284,poisonous,toxic,3,2,3.33,4.9
2285,pink,pinkish,1,2,28.47,0.08
2286,fertile,productive,2,3,1.57,2.41
2287,fruitful,productive,2,3,0.92,2.41
2288,zany,wacky,2,2,0.2,3.22
2289,tired,weary,2,2,112.65,4.16
2290,bourgeois,conservative,2,4,1.18,3.76
2291,young,immature,1,3,243.18,3.27
2292,likely,credible,2,3,25.76,1.65
2293,religious,devotional,3,4,13.86,0.04
2294,ornamental,fancy,4,2,0.18,34.84
2295,ornamental,decorative,4,3,0.18,0.86
2296,generous,magnanimous,3,4,16.71,0.25
2297,unnamed,unknown,2,2,0.49,15.18
2298,mean,despicable,1,4,1243.98,2.1
2299,specific,definite,3,3,17.8,6.16
2300,barren,sterile,2,2,1.47,2.18
2301,contiguous,adjoining,4,3,0.06,1.12
2302,personal,movable,3,3,91.67,0.29
2303,pliable,elastic,3,3,0.14,1.04
2304,disinterested,uninterested,4,4,0.35,0.1
2305,backward,undeveloped,2,4,3.12,0.27
2306,radical,extremist,3,3,4.27,0.37
2307,available,present,4,2,25.94,89.45
2308,near,present,1,2,83.1,89.45
2309,typical,distinctive,3,3,12.59,1.55
2310,fashionable,current,4,2,1.92,17.04
2311,magical,mystical,3,3,9.1,2.82
2312,stingy,miserly,2,3,1.24,0.06
2313,sudden,unexpected,2,4,33.47,8.78
2314,surprised,unexpected,2,4,55.06,8.78
2315,confused,disorganized,2,4,32.41,1.04
2316,warlike,military,2,4,0.27,41.24
2317,long,elongated,1,4,675.16,0.31
2318,elongate,elongated,3,4,0.02,0.31
2319,long,lengthy,1,2,675.16,0.73
2320,negative,damaging,3,3,25.65,1.59
2321,prospective,future,3,2,1.33,103.49
2322,banal,trite,2,1,0.27,0.78
2323,transverse,cross,2,1,0.29,55.04
2324,bloody,gory,2,2,38.47,0.73
2325,bloody,infamous,2,3,38.47,2.24
2326,bloody,damn,2,1,38.47,283.53
2327,bloody,murderous,2,3,38.47,1.82
2328,damp,humid,1,2,2.92,0.88
2329,manifest,visible,3,3,3.69,4.96
2330,visual,visible,3,3,11.49,4.96
2331,external,visible,3,3,2.47,4.96
2332,medicinal,medical,4,3,0.61,54.39
2333,wary,cautious,2,2,0.75,3.35
2334,careful,cautious,2,2,108.82,3.35
2335,questionable,controversial,4,4,2.29,2.14
2336,forensic,controversial,3,4,3.92,2.14
2337,interesting,exciting,3,3,86.69,34.82
2338,lawless,unruly,2,3,0.43,0.71
2339,incomplete,imperfect,3,3,2.14,0.96
2340,incomplete,defective,3,3,2.14,2.16
2341,incomplete,partial,3,2,2.14,4.84
2342,untried,untested,2,3,0.24,0.16
2343,deceitful,cunning,3,2,1.14,4.06
2344,final,eventual,2,4,49.67,0.43
2345,demonic,satanic,3,3,3.02,1.35
2346,spicy,savory,2,3,3.31,0.22
2347,square,even,1,2,31.76,875.92
2348,personalized,individualized,4,6,0.37,0.06
2349,trite,banal,1,2,0.78,0.27
2350,poignant,moving,2,2,0.51,119.69
2351,innate,intrinsic,2,3,0.76,0.2
2352,informative,illuminating,4,5,0.69,0.47
2353,erroneous,misleading,4,3,0.53,0.84
2354,romantic,picturesque,3,3,35.18,0.49
2355,gentle,aristocratic,2,5,16.55,0.73
2356,gentle,docile,2,2,16.55,0.53
2357,gloomy,melancholy,2,4,2.41,2.18
2358,wistful,melancholy,2,4,0.18,2.18
2359,chemical,analytical,3,5,11.35,0.59
2360,impure,unclean,2,2,0.8,1.27
2361,anxious,restless,2,2,14.1,4.84
2362,rural,rustic,2,2,1.16,0.78
2363,spontaneous,voluntary,4,4,4.18,2.02
2364,willing,voluntary,2,4,49.25,2.02
2365,unknown,nameless,2,2,15.18,1.41
2366,rear,early,1,2,12.43,108.04
2367,opposed,hostile,2,2,6.9,8.94
2368,unfriendly,hostile,3,2,1.04,8.94
2369,filthy,impure,2,2,16.43,0.8
2370,upright,vertical,2,3,3.02,2.76
2371,fake,bogus,1,2,36.33,2.71
2372,cheap,inexpensive,1,4,36.24,0.73
2373,mythical,fictitious,3,3,0.88,0.61
2374,supporting,second,3,2,4.59,284.57
2375,justifiable,excusable,5,4,0.53,0.14
2376,incidental,accidental,4,4,0.55,3
2377,external,accidental,3,4,2.47,3
2378,upset,disturbed,2,2,74.51,9.86
2379,favorable,conducive,4,3,1.08,0.45
2380,tortuous,oblique,3,2,0.12,0.45
2381,bony,skeletal,2,3,1.2,0.47
2382,sour,rancid,2,2,5.82,0.49
2383,obsessional,compulsive,4,3,0.06,1.92
2384,transparent,translucent,3,3,1.8,0.25
2385,hooked,curved,1,1,13.12,0.61
2386,unfeeling,callous,3,2,0.65,0.98
2387,docile,compliant,2,3,0.53,0.16
2388,lesbian,erotic,3,3,9.51,3.92
2389,inconsistent,contradictory,4,5,1.08,0.63
2390,insightful,thoughtful,3,2,0.98,7.8
2391,mixed,confused,1,2,21.37,32.41
2392,mixed,assorted,1,3,21.37,0.96
2393,former,erstwhile,2,2,18.27,0.1
2394,magnetic,magnetized,3,3,4.22,0.1
2395,subject,dependent,2,3,36.96,2.24
2396,middle,intermediate,2,5,89.2,0.45
2397,attenuated,weakened,5,2,0.04,1.51
2398,amazed,stunned,2,1,5.12,3.71
2399,drunk,drunken,1,2,76.55,6.18
2400,seminal,innovative,3,4,0.37,1.02
2401,affectionate,devoted,4,3,2.25,8.02
2402,clumsy,unwieldy,2,3,5.39,0.12
2403,dominant,predominant,3,4,1.61,0.14
2404,terrible,horrific,3,3,94.02,1.37
2405,terrible,frightful,3,2,94.02,1.16
2406,vertebral,spinal,3,2,0.12,4.27
2407,imaginary,poetic,5,3,4.35,2.69
2408,sacred,consecrated,2,4,14.02,0.59
2409,sacred,dedicated,2,4,14.02,8.16
2410,cosmic,vast,2,1,3.61,6.1
2411,incandescent,hot,4,1,0.33,189.84
2412,relevant,relative,3,3,5.61,7.78
2413,disturbed,distressed,2,2,9.86,1.39
2414,intricate,complicated,3,4,1.04,27.16
2415,unthinkable,inconceivable,4,5,1.35,0.9
2416,credible,believable,3,4,1.65,1.41
2417,suspicious,jealous,3,2,15.98,38.27
2418,gay,glad,1,1,59.08,171.37
2419,globular,spherical,3,3,0.12,0.18
2420,painful,annoying,2,3,15.16,11.12
2421,overweight,obese,3,2,1.82,0.49
2422,numerical,mathematical,4,5,0.39,1.59
2423,readable,legible,3,3,0.18,0.22
2424,readable,interesting,3,3,0.18,86.69
2425,external,outside,3,2,2.47,170.02
2426,local,territorial,2,5,41.73,1.67
2427,local,topical,2,3,41.73,0.51
2428,local,provincial,2,3,41.73,0.92
2429,aromatic,spicy,4,2,0.27,3.31
2430,disloyal,treacherous,3,3,0.96,2.18
2431,like,comparable,1,4,3998.96,0.47
2432,like,probable,1,3,3998.96,3.27
2433,head,top,1,1,371.51,133.43
2434,unstable,precarious,3,4,5.1,0.39
2435,sole,alone,1,2,5.25,308.53
2436,untrustworthy,unreliable,4,5,0.41,1.67
2437,bookish,studious,2,3,0.18,0.12
2438,fiery,impassioned,3,3,2.02,0.37
2439,frantic,frenetic,2,3,2.27,0.06
2440,inevitable,unavoidable,5,5,5.65,1.2
2441,predatory,carnivorous,4,4,0.63,0.51
2442,anniversary,annual,5,3,18.41,7.2
2443,unique,unmatched,2,2,13.65,0.14
2444,less,minor,1,2,111.1,12.82
2445,ductile,tensile,2,2,0.02,0.12
2446,bold,daring,1,2,7.55,4.2
2447,utopian,unrealistic,4,4,0.29,1.1
2448,archeological,archaeological,6,6,0.29,0.94
2449,sneaky,underhanded,2,4,4.24,0.69
2450,ventral,abdominal,2,4,0.18,3.41
2451,imaginable,conceivable,5,4,0.94,1.2
2452,nonsensical,meaningless,4,3,0.25,4.86
2453,deputy,vice,3,1,15.65,18.63
2454,organic,structural,3,3,4.31,1.82
2455,unbiased,impartial,3,3,0.29,1
2456,denominational,sectarian,6,4,0.02,0.04
2457,inflammable,flammable,4,3,0.25,0.71
2458,fissile,fissionable,2,4,0.14,0.04
2459,sovereign,autonomous,2,4,2.51,0.22
2460,invasive,aggressive,3,3,1.16,7.94
2461,qualified,eligible,3,4,8.25,3.31
2462,concerned,interested,2,3,44.33,85.76
2463,incomprehensible,unintelligible,6,6,0.82,0.49
2464,moot,irrelevant,1,4,1.18,5.14
2465,crooked,bent,2,1,5.69,7.22
2466,maritime,nautical,3,3,0.73,0.88
2467,posterior,hind,4,1,0.61,2.45
2468,heterogeneous,diverse,5,2,0.04,0.76
2469,inimitable,unique,5,2,0.16,13.65
2470,foreign,exotic,2,3,22.29,6
2471,victorious,triumphant,4,3,1.29,1.37
2472,autocratic,authoritarian,4,6,0.08,0.06
2473,dictatorial,authoritarian,5,6,0.14,0.06
2474,expert,technical,2,3,22.12,8.24
2475,armored,mechanized,2,3,3.25,0.27
2476,permanent,lasting,3,2,12.14,2.35
2477,noisy,turbulent,2,3,5.04,0.65
2478,embarrassed,mortified,3,3,21.43,1
2479,allergic,hypersensitive,3,5,8.1,0.22
2480,metallic,basic,3,2,1.31,15.57
2481,authentic,authoritative,3,5,4.51,0.2
2482,helical,spiral,3,2,0.04,1.78
2483,disciplinary,corrective,5,3,1.61,0.51
2484,malicious,envious,3,3,1.57,1.25
2485,unpretentious,understated,4,4,0.18,0.53
2486,experienced,expert,4,2,10,22.12
2487,periodic,occasional,4,4,0.41,3.9
2488,convertible,interchangeable,4,5,3.25,0.39
2489,economical,economic,5,4,0.33,4.96
2490,ruinous,decayed,3,2,0.1,0.22
2491,inert,lifeless,2,2,0.35,1.25
2492,intentional,willful,4,2,1.47,0.69
2493,missing,absent,2,2,87.92,2.57
2494,back,posterior,1,4,2009.16,0.61