,Word1,Word2,Word1_Syll,Word2_Syll,Word1_Freq,Word2_Freq
1,precipitous,steep,4,1,,
2,mystical,mysterious,3,4,,
4,stout,fat,1,1,,
7,insulting,abusive,3,3,,
8,heavy,deep,2,1,,
11,intact,sound,2,1,,
12,preposterous,ridiculous,4,4,,
14,pretty,mean,2,1,,
16,primitive,ancient,3,2,,
17,colloquial,informal,4,3,,
18,strong,influential,1,4,,
20,famous,celebrated,2,4,,
21,streamlined,aerodynamic,2,5,,
23,wild,irregular,1,4,,
24,integrated,structured,4,2,,
29,familiar,fresh,3,1,,
32,female,feminine,2,3,,
41,steep,hilly,1,2,,
42,naturalistic,realistic,5,4,,
44,splendid,great,2,1,,
45,spirited,fiery,3,3,,
47,literal,actual,3,3,,
48,bare,unadorned,1,3,,
50,frank,sincere,1,2,,
51,low,coarse,1,1,,
55,collective,corporate,3,3,,
60,sad,hard,1,1,,
62,noble,sublime,2,2,,
65,fit,prepared,1,2,,
69,other,additional,2,4,,
70,wooded,overgrown,2,3,,
71,lone,single,1,2,,
76,hilarious,funny,4,2,,
79,waterlogged,swampy,3,2,,
80,entire,undivided,3,4,,
84,unfair,unjustified,2,4,,
86,stationary,immovable,4,4,,
87,wide,broad,1,1,,
89,lusty,strong,2,1,,
90,loyal,firm,2,1,,
92,fit,suitable,1,3,,
94,lasting,stable,2,2,,
95,incompatible,inappropriate,5,5,,
96,stale,moldy,1,2,,
97,covert,secret,2,2,,
98,notable,evident,3,3,,
99,dim,mysterious,1,4,,
103,despicable,mean,4,1,,
108,devoted,constant,3,2,,
109,conditional,subject,4,2,,
110,underground,hidden,3,2,,
111,brittle,fragile,2,2,,
112,unable,ineffectual,3,5,,
115,silly,stupid,2,2,,
116,flat,boring,1,2,,
120,impolite,rude,3,1,,
121,obsolete,old,3,1,,
122,primitive,original,3,4,,
123,obsolete,ancient,3,2,,
124,comprehensive,thorough,4,2,,
127,adequate,competent,3,3,,
133,brown,foxy,1,2,,
135,tame,domestic,1,3,,
136,rough,crude,1,1,,
139,classical,canonical,3,4,,
145,optimistic,hopeful,4,2,,
147,joyous,happy,2,2,,
148,abrupt,steep,2,1,,
149,eastern,east,2,1,,
150,deserving,worthy,3,2,,
152,overbearing,bossy,4,2,,
157,unsure,shy,2,1,,
162,meritorious,deserving,5,3,,
164,minor,underage,2,3,,
165,infinite,countless,3,2,,
167,average,normal,3,2,,
168,thoughtful,considerate,2,4,,
169,tyrannical,dictatorial,4,5,,
170,fair,upright,1,2,,
171,accountable,answerable,4,4,,
173,opulent,rich,3,1,,
177,due,exact,1,2,,
178,hot,fit,1,1,,
180,rugged,rough,2,1,,
181,useless,helpless,2,2,,
183,angry,wild,2,1,,
184,swift,rapid,1,2,,
185,prevalent,powerful,3,3,,
186,irregular,eccentric,4,3,,
193,succinct,short,2,1,,
194,profound,fundamental,2,4,,
199,morbid,gruesome,2,2,,
200,permissible,allowable,4,4,,
203,efficacious,effective,4,3,,
204,sober,quiet,2,2,,
207,stupid,inept,2,2,,
209,customary,ordinary,4,4,,
210,slow,tiresome,1,3,,
211,childlike,naive,2,2,,
213,valid,strong,2,1,,
216,big,grown,1,1,,
218,scholastic,formal,3,2,,
219,viscous,thick,2,1,,
223,remaining,last,3,1,,
225,perennial,permanent,4,3,,
227,subtle,skillful,2,2,,
228,silent,quiet,2,2,,
230,sparse,scattered,1,2,,
231,vivid,quick,2,1,,
232,boisterous,loud,3,1,,
235,false,treacherous,1,3,,
236,acrobatic,athletic,4,3,,
237,dim,slow,1,1,,
239,unfinished,raw,3,1,,
242,impertinent,rude,4,1,,
246,moderate,low,3,1,,
247,sorry,unhappy,2,3,,
248,white,happy,1,2,,
250,old,antique,1,2,,
252,polar,frigid,2,2,,
260,optimal,optimum,3,3,,
264,absurd,silly,2,2,,
265,boundless,unlimited,2,4,,
266,red,sanguine,1,2,,
269,single,unmarried,2,3,,
270,vigorous,energetic,3,4,,
271,equitable,fair,4,1,,
273,indifferent,unconcerned,3,3,,
279,new,raw,1,1,,
280,opposite,other,3,2,,
281,farthest,last,2,1,,
282,deadly,venomous,2,3,,
283,particular,limited,4,3,,
285,ugly,deformed,2,2,,
286,competent,qualified,3,3,,
288,plain,evident,1,3,,
289,full,copious,1,3,,
290,new,recent,1,2,,
291,straight,neat,1,1,,
292,slapdash,sloppy,2,2,,
294,boring,slow,2,1,,
295,outspoken,loud,3,1,,
296,renowned,celebrated,2,4,,
297,routine,round,2,1,,
299,mere,entire,1,3,,
301,different,distinct,3,2,,
303,incompetent,inefficient,4,4,,
304,accidental,casual,4,3,,
305,,void,1,1,,
306,novel,fresh,2,1,,
309,dense,thick,1,1,,
310,mysterious,incomprehensible,4,6,,
311,dark,hopeless,1,2,,
316,short,scanty,1,2,,
319,busy,engaged,2,2,,
320,ardent,passionate,2,3,,
321,sinful,corrupt,2,2,,
329,vital,essential,2,3,,
331,provincial,narrow,3,2,,
334,hungry,poor,2,1,,
335,civil,courteous,2,3,,
337,clever,smart,2,1,,
338,aristocratic,blue,5,1,,
341,condescending,patronizing,4,4,,
346,senior,elder,2,2,,
347,robust,rich,2,1,,
349,comical,amusing,3,3,,
351,sentimental,romantic,4,3,,
354,reddish,crimson,2,2,,
356,lively,spirited,2,3,,
358,valid,sufficient,2,3,,
359,stupid,senseless,2,2,,
360,heinous,atrocious,2,3,,
362,restrained,quiet,2,2,,
367,grating,harsh,2,1,,
368,far,remote,1,2,,
369,monetary,financial,4,3,,
372,rude,uncivil,1,3,,
373,equal,corresponding,2,4,,
374,frivolous,light,3,1,,
375,fibrous,stringy,2,2,,
378,coarse,blunt,1,1,,
381,beautiful,wonderful,3,3,,
382,high,strong,1,1,,
383,placid,gentle,2,2,,
385,improper,unlawful,3,3,,
386,bright,sparkling,1,2,,
387,ultra,extreme,2,2,,
395,mild,gentle,1,2,,
397,convinced,positive,2,3,,
398,brief,concise,1,2,,
401,grave,deep,1,1,,
405,certain,stated,2,2,,
406,uninteresting,dry,4,1,,
407,dull,dense,1,1,,
408,untested,young,3,1,,
415,inner,intimate,2,3,,
416,costly,sumptuous,2,2,,
417,intermediate,medial,5,3,,
423,marshy,waterlogged,2,3,,
424,garish,bright,2,1,,
426,slender,slight,2,1,,
427,insecure,suspicious,3,3,,
430,close,short,1,1,,
431,fair,beautiful,1,3,,
432,cautious,circumspect,2,3,,
435,rude,harsh,1,1,,
440,unpleasant,distasteful,3,3,,
441,wealthy,rich,2,1,,
442,evil,ill,2,1,,
444,great,commanding,1,3,,
445,awake,alert,2,2,,
447,unwieldy,heavy,3,2,,
448,moral,righteous,2,2,,
452,parochial,insular,4,3,,
455,splendid,brilliant,2,2,,
458,poor,miserable,1,4,,
459,orthodox,conventional,3,4,,
461,frigid,icy,2,2,,
462,acceptable,comfortable,4,4,,
463,immense,large,2,1,,
464,brawny,strong,2,1,,
466,routine,everyday,2,3,,
467,black,african,1,3,,
468,steep,high,1,1,,
470,solemn,earnest,2,2,,
471,circular,round,3,1,,
472,smart,brilliant,1,2,,
473,adequate,decent,3,2,,
475,heavy,fleshy,2,2,,
478,liberal,independent,3,4,,
480,intrepid,brave,3,1,,
481,grand,sumptuous,1,2,,
483,honest,fair,2,1,,
484,grave,dangerous,1,3,,
486,urgent,imperative,2,4,,
487,sterile,barren,2,2,,
488,chinese,only,2,2,,
489,willful,stubborn,2,2,,
490,round,plump,1,1,,
492,secret,mystic,2,2,,
493,general,prevalent,3,3,,
499,persistent,tenacious,3,3,,
503,skeptical,doubtful,3,2,,
504,heterodox,heretical,4,4,,
505,flat,level,1,2,,
506,jittery,nervous,3,2,,
507,fluid,unstable,2,3,,
509,aware,sensitive,2,3,,
511,insular,isolated,3,4,,
513,intelligible,clear,5,1,,
514,tenacious,long,3,1,,
519,odd,funny,1,2,,
520,immoral,unjust,3,2,,
521,stark,violent,1,3,,
524,funny,curious,2,3,,
525,blunt,plain,1,1,,
526,sufficient,able,3,2,,
527,thin,lightweight,1,2,,
528,untrue,inaccurate,2,4,,
530,vague,uncertain,1,3,,
531,impoverished,destitute,3,3,,
532,repugnant,refractory,3,4,,
535,vague,loose,1,1,,
536,unfortunate,unlucky,4,3,,
537,kinky,curly,2,2,,
538,important,critical,3,3,,
540,aerodynamic,sleek,5,1,,
542,ample,abundant,2,3,,
545,cross,transverse,1,2,,
547,very,true,2,1,,
551,silver,bright,2,1,,
552,licentious,immoral,3,3,,
555,cold,reserved,1,2,,
557,foggy,cloudy,2,2,,
558,sacrosanct,inviolable,3,5,,
561,mendacious,false,3,1,,
562,informal,irregular,3,4,,
563,bright,shining,1,2,,
565,graphic,graphical,2,3,,
566,able,capable,2,3,,
567,dense,compact,1,2,,
568,meticulous,painstaking,4,3,,
572,bad,vicious,1,2,,
573,adverse,contrary,2,3,,
574,mistaken,wrong,3,1,,
576,sick,ill,1,1,,
577,fond,foolish,1,2,,
578,tough,strong,1,1,,
579,merciful,gentle,3,2,,
580,keen,incisive,1,3,,
581,improper,appropriate,3,4,,
583,usual,plain,3,1,,
585,dead,flat,1,1,,
586,ineffective,inefficient,4,4,,
587,dark,black,1,1,,
588,hard,rigorous,1,3,,
589,arctic,northern,2,2,,
590,farcical,ridiculous,3,4,,
592,scholastic,academic,3,4,,
593,unblemished,pure,3,1,,
594,ancient,former,2,2,,
597,celestial,divine,3,2,,
598,furious,wild,3,1,,
599,wild,ferocious,1,3,,
600,ideal,utopian,2,4,,
601,solemn,serious,2,3,,
603,rounded,circular,2,3,,
606,liquid,smooth,2,1,,
607,beautiful,delightful,3,3,,
612,considerable,good,5,1,,
614,empty,hollow,2,2,,
618,inherent,natural,3,3,,
619,delightful,charming,3,2,,
620,educated,literate,4,3,,
622,novel,modern,2,2,,
635,haughty,high,2,1,,
637,wicked,sinful,2,2,,
639,murderous,bloody,3,2,,
640,vehement,furious,3,3,,
641,gorgeous,bright,2,1,,
643,persistent,permanent,3,3,,
645,smart,efficient,1,3,,
646,collateral,additional,4,4,,
647,light,short,1,1,,
648,slovene,slovenian,2,4,,
652,punitive,vindictive,3,3,,
653,acute,pointed,2,2,,
657,regular,steady,3,2,,
658,obsolete,antiquated,3,4,,
659,brilliant,magnificent,2,4,,
661,pastoral,bucolic,3,3,,
662,feral,wild,2,1,,
663,spiteful,hateful,2,2,,
664,prudent,economical,2,5,,
666,imaginative,fanciful,5,3,,
667,lewd,lascivious,1,4,,
668,pious,obedient,2,4,,
675,fond,loving,1,2,,
677,free,charming,1,2,,
678,early,former,2,2,,
679,wry,ironic,1,3,,
680,round,fair,1,1,,
681,broad,large,1,1,,
682,hallowed,sacred,2,2,,
683,active,dynamic,2,3,,
684,incorrect,illogical,3,4,,
685,due,right,1,1,,
686,good,suited,1,2,,
687,black,horrible,1,3,,
689,illogical,irrational,4,4,,
691,hostile,combative,2,3,,
692,angry,high,2,1,,
697,integrated,mixed,4,1,,
699,intimate,direct,3,2,,
701,literary,literate,4,3,,
704,auspicious,fortunate,3,3,,
706,tedious,tiresome,3,3,,
710,inferior,substandard,4,3,,
711,massive,monumental,2,4,,
713,wide,distant,1,2,,
714,tricky,crafty,2,2,,
715,much,considerable,1,5,,
716,blue,low,1,1,,
720,late,slow,1,1,,
726,green,raw,1,1,,
728,brief,summary,1,3,,
729,equal,uniform,2,3,,
734,melancholy,sad,4,1,,
737,angry,displeased,2,2,,
738,important,urgent,3,2,,
739,obscene,disgusting,2,3,,
740,right,straight,1,1,,
741,weak,infirm,1,2,,
743,fresh,sound,1,1,,
745,beneficial,profitable,4,4,,
746,abundant,free,3,1,,
748,eastern,oriental,2,4,,
752,accessible,available,4,4,,
753,unlucky,unhappy,3,3,,
755,insolvent,bankrupt,3,2,,
762,ridiculous,surreal,4,2,,
763,special,uncommon,2,3,,
764,jewish,israelite,2,3,,
765,temperate,moderate,2,3,,
766,apt,quick,1,1,,
767,mindful,aware,2,2,,
768,unorthodox,heretical,4,4,,
769,bad,sorry,1,2,,
772,important,high,3,1,,
775,equal,unbiased,2,3,,
776,philosophic,rational,4,3,,
777,raw,sensitive,1,3,,
779,miserable,poor,4,1,,
780,vicious,bitter,2,2,,
781,quaint,archaic,1,3,,
784,dependent,addicted,3,3,,
785,greedy,gluttonous,2,3,,
787,essential,necessary,3,4,,
788,possible,practicable,3,4,,
789,brave,bold,1,1,,
790,smart,bright,1,1,,
791,hopeless,desperate,2,2,,
793,immoral,depraved,3,2,,
794,depressed,low,2,1,,
795,warm,cordial,1,2,,
797,oblique,indirect,2,3,,
803,gilded,golden,2,2,,
804,old,antiquated,1,4,,
807,recurrent,intermittent,3,4,,
808,basic,fundamental,2,4,,
809,center,middle,2,2,,
810,forward,bold,2,1,,
811,enigmatic,mysterious,4,4,,
812,comic,amusing,2,3,,
817,mental,immaterial,2,5,,
819,capable,effective,3,3,,
820,quiet,calm,2,1,,
825,clandestine,covert,3,2,,
829,gross,big,1,1,,
830,voluminous,large,4,1,,
831,alive,awake,2,2,,
832,illiterate,uneducated,4,5,,
835,hurtful,painful,2,2,,
836,dark,sullen,1,2,,
840,wild,barbarian,1,4,,
841,rare,thin,1,1,,
843,ample,rich,2,1,,
844,important,considerable,3,5,,
845,double,treble,2,2,,
847,prevalent,general,3,3,,
849,metaphorical,allegorical,5,5,,
854,charming,pleasing,2,2,,
855,odd,curious,1,3,,
856,virtuous,righteous,3,2,,
859,meditative,contemplative,4,4,,
860,abundant,rich,3,1,,
861,thoughtful,deliberate,2,4,,
862,gritty,dirty,2,2,,
863,short,little,1,2,,
864,functional,official,3,3,,
868,caustic,severe,2,2,,
871,memorial,commemorative,4,4,,
872,pure,unadulterated,1,6,,
873,pleased,satisfied,1,3,,
878,flat,depressed,1,2,,
881,lucky,successful,2,3,,
882,efficient,competent,3,3,,
886,dangerous,hazardous,3,3,,
887,gracious,kind,2,1,,
888,lawful,legal,2,2,,
889,severe,stern,2,1,,
893,relentless,grim,3,1,,
896,smooth,liquid,1,2,,
897,clear,distinct,1,2,,
898,superior,prior,4,2,,
900,disabled,lame,3,1,,
903,robust,sound,2,1,,
905,stern,resolute,1,3,,
906,vacant,free,2,1,,
907,artistic,aesthetic,3,3,,
908,cloudless,bright,2,1,,
910,virtuous,pure,3,1,,
914,hard,powerful,1,3,,
921,cortical,superficial,3,4,,
922,earnest,sincere,2,2,,
923,dangerous,nasty,3,2,,
924,entire,whole,3,1,,
925,norse,scandinavian,1,5,,
926,main,necessary,1,4,,
928,teen,teenage,1,2,,
930,intimate,confidential,3,4,,
931,northern,northward,2,2,,
935,sweet,mild,1,1,,
939,deliberate,careful,4,2,,
940,curious,inquisitive,3,4,,
942,constant,steadfast,2,2,,
943,intelligent,aware,4,2,,
944,witty,amusing,2,3,,
945,obscure,difficult,2,3,,
946,linear,additive,3,3,,
949,legitimate,logical,4,3,,
950,crazy,insane,2,2,,
951,comic,funny,2,2,,
954,disposed,minded,2,2,,
955,vulgar,low,2,1,,
956,unchanging,static,3,2,,
961,pleasing,pleasant,2,2,,
962,reliable,sure,4,1,,
963,partial,biased,2,2,,
971,wonderful,miraculous,3,4,,
973,slight,silly,1,2,,
975,uncertain,indefinite,3,4,,
978,watchful,vigilant,2,3,,
980,several,single,2,2,,
983,overt,public,2,2,,
984,old,abundant,1,3,,
985,elegant,nice,3,1,,
986,additional,supplemental,4,4,,
987,random,haphazard,2,3,,
989,imaginative,creative,5,3,,
990,disgusting,offensive,3,3,,
996,depressing,dull,3,1,,
998,deep,serious,1,3,,
1000,free,devoid,1,2,,
1001,destitute,needy,3,2,,
1002,sad,pitiful,1,3,,
1003,deficient,lacking,3,2,,
1007,gray,grayish,1,2,,
1008,speedy,fast,2,1,,
1010,convivial,social,4,2,,
1011,quick,prompt,1,1,,
1015,coarse,rough,1,1,,
1016,accountable,responsible,4,4,,
1019,actual,absolute,3,3,,
1021,risky,dangerous,2,3,,
1023,mild,calm,1,1,,
1024,total,full,2,1,,
1028,dubious,questionable,3,4,,
1029,parochial,limited,4,3,,
1030,presumptuous,arrogant,4,3,,
1036,comparable,like,4,1,,
1037,devout,religious,2,3,,
1039,unnecessary,unneeded,5,3,,
1042,essential,pure,3,1,,
1045,ambiguous,indeterminate,4,5,,
1046,dense,close,1,1,,
1051,open,obvious,2,3,,
1053,top,best,1,1,,
1054,weak,faint,1,1,,
1056,glad,happy,1,2,,
1062,renowned,wonderful,2,3,,
1065,dishonest,disingenuous,3,5,,
1066,electric,electrical,3,4,,
1067,last,farthest,1,2,,
1070,ready,easy,2,2,,
1072,definite,particular,3,4,,
1075,simple,entire,2,3,,
1076,northwest,northwestern,2,3,,
1077,nonviolent,passive,4,2,,
1079,finished,complete,2,2,,
1080,ungodly,wicked,3,2,,
1081,infectious,contagious,3,3,,
1083,antiquated,obsolete,4,3,,
1085,busy,anxious,2,2,,
1088,circular,cyclic,3,2,,
1089,worthy,noble,2,2,,
1094,continual,constant,4,2,,
1099,ineffective,unable,4,3,,
1100,acute,sensitive,2,3,,
1101,alone,solitary,2,4,,
1102,quick,nimble,1,2,,
1103,cosmopolitan,general,5,3,,
1107,wild,savage,1,2,,
1111,senseless,pointless,2,2,,
1121,peaceful,mild,2,1,,
1122,cruel,sharp,2,1,,
1127,insoluble,strong,4,1,,
1130,reliable,true,4,1,,
1133,splendid,famous,2,2,,
1134,ancient,prehistoric,2,4,,
1138,ready,suitable,2,3,,
1139,grand,large,1,1,,
1141,handsome,attractive,2,3,,
1142,consecutive,straight,4,1,,
1144,clear,readable,1,3,,
1145,distressed,worried,2,2,,
1148,naughty,mischievous,2,3,,
1150,deleterious,harmful,5,2,,
1153,decent,enough,2,2,,
1155,difficult,cumbersome,3,3,,
1160,northern,north,2,1,,
1161,cool,cold,1,1,,
1162,icy,cold,2,1,,
1169,quick,alive,1,2,,
1173,theoretical,speculative,5,4,,
1175,furnished,equipped,2,2,,
1176,alert,alive,2,2,,
1183,intermediate,transitional,5,4,,
1187,virgin,new,2,1,,
1190,large,diffuse,1,2,,
1192,barbarous,ignorant,3,3,,
1195,abundant,numerous,3,3,,
1196,rude,insolent,1,3,,
1198,crude,vulgar,1,2,,
1199,dead,extinct,1,2,,
1204,dense,opaque,1,2,,
1205,magnificent,fine,4,1,,
1206,awake,conscious,2,2,,
1208,allowable,permissible,4,4,,
1211,monstrous,strange,2,1,,
1212,strong,impregnable,1,4,,
1214,competent,sufficient,3,3,,
1215,sleek,smooth,1,1,,
1216,informal,intimate,3,3,,
1217,amusing,good,3,1,,
1218,proud,majestic,1,3,,
1220,cultural,ethnic,3,2,,
1221,accurate,correct,3,2,,
1222,lowly,humble,2,2,,
1223,great,excellent,1,3,,
1225,inept,clumsy,2,2,,
1226,median,medial,3,3,,
1227,thriving,prosperous,2,3,,
1228,virginal,pure,3,1,,
1229,grand,fine,1,1,,
1230,steadfast,resolute,2,3,,
1231,regional,local,3,2,,
1232,beautiful,charming,3,2,,
1234,aghast,shocked,2,1,,
1238,brutal,merciless,2,3,,
1239,frightened,terrified,2,3,,
1240,solitary,only,4,2,,
1241,homeless,stateless,2,2,,
1243,polite,polished,2,2,,
1245,alive,sensitive,2,3,,
1247,retired,quiet,2,2,,
1248,royal,princely,2,2,,
1249,assorted,various,3,3,,
1252,nimble,swift,2,1,,
1254,good,dependable,1,4,,
1257,natural,characteristic,3,5,,
1259,familiar,accessible,3,4,,
1260,mathematical,accurate,5,3,,
1262,tart,sour,1,2,,
1267,untested,untried,3,2,,
1269,first,pristine,1,2,,
1270,regular,complete,3,2,,
1271,subtle,shrewd,2,1,,
1274,daring,adventurous,2,4,,
1275,foul,abusive,1,3,,
1277,optic,optical,2,3,,
1279,sterile,infertile,2,3,,
1280,first,maiden,1,2,,
1282,disgraceful,shameful,3,2,,
1284,formal,essential,2,3,,
1285,round,blunt,1,1,,
1287,bitter,pungent,2,2,,
1290,naval,marine,2,2,,
1291,ovate,oval,2,2,,
1294,grim,stern,1,1,,
1295,deceased,dead,2,1,,
1296,courageous,bold,3,1,,
1297,sinister,corrupt,3,2,,
1298,unwanted,undesirable,3,5,,
1299,firm,fast,1,1,,
1300,constant,unremitting,2,4,,
1302,incisive,sharp,3,1,,
1305,normal,ordinary,2,4,,
1307,weak,low,1,1,,
1309,charitable,kind,4,1,,
1310,substantial,actual,3,3,,
1313,expensive,extravagant,3,4,,
1314,brief,short,1,1,,
1315,common,national,2,3,,
1316,trenchant,sharp,2,1,,
1319,universal,catholic,4,2,,
1320,exclusive,sole,3,1,,
1323,unable,helpless,3,2,,
1324,alone,desolate,2,3,,
1325,individual,same,5,1,,
1326,disconnected,disjointed,4,3,,
1328,reluctant,unwilling,3,3,,
1333,dissimilar,different,4,3,,
1336,internal,inherent,3,3,,
1337,excellent,great,3,1,,
1340,horrific,terrible,3,3,,
1343,sarcastic,sharp,3,1,,
1344,integral,individual,3,5,,
1346,physical,medicinal,3,4,,
1349,figurative,typical,4,3,,
1350,marshy,wet,2,1,,
1351,thick,stupid,1,2,,
1352,definitive,conclusive,4,3,,
1353,bare,stripped,1,1,,
1354,corrupt,crooked,2,2,,
1359,constitutional,organic,5,3,,
1360,wet,useless,1,2,,
1361,alert,lively,2,2,,
1362,fatty,fat,2,1,,
1363,dull,sleepy,1,2,,
1364,tender,warm,2,1,,
1365,true,reliable,1,4,,
1366,arctic,frigid,2,2,,
1367,lavish,wasteful,2,2,,
1368,terrific,tremendous,3,3,,
1371,blonde,fair,1,1,,
1373,fair,pleasant,1,2,,
1375,pure,spotless,1,2,,
1378,miserable,worthless,4,2,,
1383,kinetic,active,3,2,,
1385,devoid,empty,2,2,,
1388,original,primal,4,2,,
1390,aboriginal,primitive,5,3,,
1391,susceptible,open,4,2,,
1393,productive,fruitful,3,2,,
1397,pragmatic,functional,3,3,,
1399,beautiful,graceful,3,2,,
1400,unified,integrated,3,4,,
1401,normal,regular,2,3,,
1403,big,pregnant,1,2,,
1408,constant,continuous,2,4,,
1411,limitless,infinite,3,3,,
1412,studious,bookish,3,2,,
1414,impatient,irritable,3,4,,
1417,gray,old,1,1,,
1418,sound,strong,1,1,,
1419,elder,superior,2,4,,
1420,neat,nice,1,1,,
1423,crass,stupid,1,2,,
1425,rapid,fast,2,1,,
1428,dark,moody,1,2,,
1429,false,hypocritical,1,5,,
1433,broad,full,1,1,,
1435,rational,intelligent,3,4,,
1437,comical,laughable,3,3,,
1439,peculiar,funny,3,2,,
1440,independent,exclusive,4,3,,
1442,terminal,final,3,2,,
1443,contentious,litigious,3,3,,
1445,requisite,essential,3,3,,
1447,pretty,fine,2,1,,
1449,golden,lucky,2,2,,
1450,rough,fierce,1,1,,
1454,dependable,reliable,4,4,,
1456,new,original,1,4,,
1457,continuous,constant,4,2,,
1458,acidic,acid,3,2,,
1460,cruel,harsh,2,1,,
1462,fictional,romantic,3,3,,
1463,khmer,cambodian,1,4,,
1465,fit,worthy,1,2,,
1469,moderate,mild,3,1,,
1471,polar,arctic,2,2,,
1473,furious,violent,3,3,,
1474,pregnant,willing,2,2,,
1476,fast,reckless,1,2,,
1477,usable,available,3,4,,
1479,smooth,quiet,1,2,,
1483,colored,dark,2,1,,
1486,rich,deep,1,1,,
1487,same,unchanged,1,2,,
1489,distinct,marked,2,1,,
1491,conventional,positive,4,3,,
1493,worthy,virtuous,2,3,,
1495,curative,medicinal,3,4,,
1496,fair,clean,1,1,,
1497,last,supreme,1,2,,
1501,natural,lifelike,3,2,,
1502,equal,indifferent,2,3,,
1503,manly,male,2,1,,
1504,trustworthy,ethical,3,3,,
1505,homogeneous,same,5,1,,
1506,ambitious,audacious,3,3,,
1510,athletic,acrobatic,3,4,,
1515,steep,precipitous,1,4,,
1518,loose,vague,1,1,,
1519,visible,visual,3,3,,
1520,same,identical,1,4,,
1521,steadfast,firm,2,1,,
1522,shiny,glossy,2,2,,
1523,pure,stainless,1,2,,
1526,collected,calm,3,1,,
1527,easy,manageable,2,4,,
1530,joint,combined,1,2,,
1532,harsh,rough,1,1,,
1534,worthless,empty,2,2,,
1536,stocky,stout,2,1,,
1537,warm,excited,1,3,,
1539,low,feeble,1,2,,
1542,immense,huge,2,1,,
1543,insignificant,trivial,5,3,,
1544,infinite,great,3,1,,
1546,figurative,representative,4,5,,
1547,wise,sassy,1,2,,
1551,objective,external,3,3,,
1552,lustrous,shiny,2,2,,
1553,unequal,unfair,3,2,,
1558,shameful,disgraceful,2,3,,
1559,special,peculiar,2,3,,
1560,triumphant,victorious,3,4,,
1561,apparent,ostensible,3,4,,
1562,virtuous,honorable,3,4,,
1563,huge,enormous,1,3,,
1565,threefold,twofold,2,2,,
1568,only,single,2,2,,
1570,substandard,inferior,3,4,,
1572,predicate,affirmative,3,4,,
1574,eager,sharp,2,1,,
1575,violent,forceful,3,2,,
1576,unable,ineffective,3,4,,
1579,absolute,arbitrary,3,4,,
1581,fast,strong,1,1,,
1583,stupid,dull,2,1,,
1584,plain,bare,1,1,,
1587,alert,awake,2,2,,
1589,comic,burlesque,2,2,,
1591,satisfactory,acceptable,4,4,,
1592,ordinary,usual,4,3,,
1593,rough,approximate,1,4,,
1595,stupid,idiotic,2,4,,
1596,awake,alive,2,2,,
1597,tiresome,slow,3,1,,
1602,irregular,crooked,4,2,,
1603,indian,native,3,2,,
1607,conspicuous,notable,4,3,,
1610,severe,rough,2,1,,
1611,stupid,stolid,2,2,,
1612,enthusiastic,excited,5,3,,
1614,dramatic,melodramatic,3,5,,
1615,rude,crude,1,1,,
1616,primary,chief,3,1,,
1619,sharp,painful,1,2,,
1623,casual,nonchalant,3,3,,
1627,lazy,slow,2,1,,
1629,reckless,foolhardy,2,3,,
1630,instinctive,natural,3,3,,
1631,inherent,innate,3,2,,
1636,close,closed,1,1,,
1637,neat,clean,1,1,,
1638,tough,stiff,1,1,,
1641,singular,strange,3,1,,
1643,alert,active,2,2,,
1645,unbelievable,incredible,5,4,,
1646,fixed,rigid,1,2,,
1650,small,mean,1,1,,
1653,popular,accepted,3,3,,
1654,wavy,undulating,2,4,,
1656,blank,empty,1,2,,
1657,virtuous,exemplary,3,4,,
1658,deceased,late,2,1,,
1659,terrific,fantastic,3,3,,
1660,fictitious,fictional,3,3,,
1661,handsome,convenient,2,3,,
1662,myopic,nearsighted,3,3,,
1663,artificial,stilted,4,2,,
1665,undivided,single,4,2,,
1668,amusing,comic,3,2,,
1670,spirited,lively,3,2,,
1673,rich,fertile,1,2,,
1674,imperfect,incomplete,3,3,,
1675,immense,great,2,1,,
1676,firm,unwavering,1,4,,
1677,occasional,casual,4,3,,
1679,famed,notable,1,3,,
1680,sensible,wise,3,1,,
1687,rustic,rough,2,1,,
1692,crafty,subtle,2,2,,
1695,sufficient,adequate,3,3,,
1701,mortal,human,2,2,,
1702,meticulous,precise,4,2,,
1704,awful,awesome,2,2,,
1706,delicate,graceful,3,2,,
1708,fundamental,central,4,2,,
1710,level,open,2,2,,
1711,populous,numerous,3,3,,
1712,humble,low,2,1,,
1713,intelligible,plain,5,1,,
1714,apprehensive,anxious,4,2,,
1716,manly,masculine,2,3,,
1718,passive,submissive,2,3,,
1719,unjust,unfair,2,2,,
1721,brutal,barbaric,2,3,,
1722,celestial,spiritual,3,4,,
1723,divine,sacred,2,2,,
1724,legitimate,genuine,4,3,,
1731,unmistakable,clear,5,1,,
1732,moody,dark,2,1,,
1733,heavy,weighty,2,2,,
1735,industrious,energetic,4,4,,
1739,honest,faithful,2,2,,
1741,muscular,brawny,3,2,,
1743,mournful,sad,2,1,,
1745,reasonable,suitable,4,3,,
1746,fearless,bold,2,1,,
1747,inactive,quiet,3,2,,
1750,silent,taciturn,2,3,,
1754,glorious,grand,3,1,,
1756,influential,substantial,4,3,,
1758,neat,finished,1,2,,
1764,uncommon,scarce,3,1,,
1767,grave,dignified,1,3,,
1768,psychic,mental,2,2,,
1769,worthy,deserving,2,3,,
1773,creepy,crawly,2,2,,
1774,absurd,ludicrous,2,3,,
1776,replete,full,2,1,,
1777,conditional,contingent,4,3,,
1782,chief,leading,1,2,,
1786,strict,rigid,1,2,,
1788,vivid,brilliant,2,2,,
1789,populated,populous,4,3,,
1791,desirable,preferable,4,4,,
1792,sublime,elevated,2,4,,
1793,obscure,humble,2,2,,
1794,showy,fine,2,1,,
1800,runaway,fugitive,3,3,,
1802,passionate,intense,3,2,,
1804,astonishing,amazing,4,3,,
1806,plain,sheer,1,1,,
1809,lean,spare,1,1,,
1811,polite,civil,2,2,,
1818,adroit,clever,2,2,,
1821,uncertain,equivocal,3,4,,
1822,heavy,violent,2,3,,
1825,concrete,composite,2,3,,
1826,precise,exact,2,2,,
1829,destitute,penniless,3,3,,
1831,mediocre,average,4,3,,
1835,naked,simple,2,2,,
1836,electrostatic,static,5,2,,
1838,ceaseless,endless,2,2,,
1839,famous,excellent,2,3,,
1841,nice,accurate,1,3,,
1845,fat,thick,1,1,,
1848,green,inexperienced,1,5,,
1849,whole,undivided,1,4,,
1850,captivating,charming,4,2,,
1854,factual,actual,3,3,,
1855,spiny,prickly,2,2,,
1859,active,operative,2,4,,
1860,subtle,elusive,2,3,,
1861,prime,meridian,1,4,,
1862,rustic,unsophisticated,2,6,,
1864,childlike,childish,2,2,,
1866,rugged,robust,2,2,,
1867,unremarkable,ordinary,5,4,,
1869,destructive,devastating,3,4,,
1871,natural,aboriginal,3,5,,
1873,late,recent,1,2,,
1874,virtuous,good,3,1,,
1875,innovative,modern,4,2,,
1876,handsome,comely,2,2,,
1878,horrible,frightening,3,3,,
1879,oily,greasy,2,2,,
1880,serial,sequential,3,3,,
1882,grubby,dirty,2,2,,
1886,squat,stocky,1,2,,
1889,light,nimble,1,2,,
1890,adipose,fatty,3,2,,
1892,prosperous,comfortable,3,4,,
1894,helpful,beneficial,2,4,,
1895,noble,honorable,2,4,,
1901,murderous,bloodthirsty,3,3,,
1902,formal,ceremonial,2,5,,
1904,humid,damp,2,1,,
1905,charming,lovely,2,2,,
1906,slender,thin,2,1,,
1907,clean,fresh,1,1,,
1909,dry,wry,1,1,,
1911,national,general,3,3,,
1914,excellent,superior,3,4,,
1915,simple,uncomplicated,2,5,,
1916,insurgent,revolutionary,3,6,,
1917,introductory,initial,5,3,,
1920,plump,chubby,1,2,,
1922,ineffectual,weak,5,1,,
1926,roomy,large,2,1,,
1927,clear,acute,1,2,,
1929,happy,successful,2,3,,
1933,vindictive,spiteful,3,2,,
1937,old,original,1,4,,
1940,sound,profound,1,2,,
1941,remarkable,singular,4,3,,
1943,hot,tasty,1,2,,
1945,fresh,sweet,1,1,,
1946,pleasant,agreeable,2,4,,
1949,ardent,keen,2,1,,
1950,shameless,brazen,2,2,,
1953,high,dear,1,1,,
1957,black,bleak,1,1,,
1958,overt,open,2,2,,
1962,sophisticated,advanced,5,2,,
1971,quiet,gentle,2,2,,
1972,purple,violet,2,3,,
1973,wasteful,lavish,2,2,,
1975,superb,excellent,2,3,,
1976,secular,worldly,3,2,,
1977,scarlet,pink,2,1,,
1979,minded,disposed,2,2,,
1980,bitter,sour,2,2,,
1983,civilized,cultured,3,2,,
1984,right,lawful,1,2,,
1990,violent,sharp,3,1,,
1991,conspicuous,distinguished,4,3,,
1992,regal,royal,2,2,,
1994,vindictive,bitter,3,2,,
1997,spiritual,inner,4,2,,
2000,conventional,formal,4,2,,
2001,perfect,flawless,2,2,,
2006,wicked,unjust,2,2,,
2009,submissive,obedient,3,4,,
2010,beautiful,bloody,3,2,,
2011,unhappy,unlucky,3,3,,
2012,inaccurate,faulty,4,2,,
2017,oval,ovate,2,2,,
2021,diaphanous,transparent,4,3,,
2024,black,dim,1,1,,
2025,imperial,majestic,4,3,,
2031,prior,former,2,2,,
2032,considerable,important,5,3,,
2034,little,insignificant,2,5,,
2036,complex,detailed,2,2,,
2037,explicit,plain,3,1,,
2040,thick,fast,1,1,,
2042,early,first,2,1,,
2044,unprincipled,immoral,4,3,,
2046,pitiful,poor,3,1,,
2047,wrong,unjust,1,2,,
2049,shocked,aghast,1,2,,
2051,heroic,bold,3,1,,
2053,reflective,meditative,3,4,,
2054,easy,easygoing,2,4,,
2056,outstanding,great,3,1,,
2059,top,first,1,1,,
2064,despondent,depressed,3,2,,
2065,next,adjacent,1,3,,
2067,separate,divided,3,3,,
2077,real,authentic,1,3,,
2078,wrong,incorrect,1,3,,
2079,compassionate,tender,4,2,,
2080,unnecessary,superfluous,5,3,,
2081,light,airy,1,2,,
2082,vigorous,robust,3,2,,
2083,distinct,distinguished,2,3,,
2084,least,minimum,1,3,,
2085,equal,fair,2,1,,
2086,positive,convinced,3,2,,
2087,operational,usable,5,3,,
2088,christian,civilized,2,3,,
2090,hostile,unfriendly,2,3,,
2095,elder,senior,2,2,,
2097,pertinent,suitable,3,3,,
2098,convenient,suitable,3,3,,
2104,quadruple,double,3,2,,
2106,unacceptable,offensive,5,3,,
2108,successful,profitable,3,4,,
2109,whole,unbroken,1,3,,
2110,considerable,substantial,5,3,,
2112,broad,comprehensive,1,4,,
2113,thick,deep,1,1,,
2115,unfair,disproportionate,2,5,,
2116,white,innocent,1,3,,
2120,intense,vivid,2,2,,
2122,healthy,wholesome,2,2,,
2123,pregnant,open,2,2,,
2124,lawful,legitimate,2,4,,
2125,immutable,unalterable,4,5,,
2127,nervous,neural,2,2,,
2128,gratuitous,unnecessary,4,5,,
2131,closed,tight,1,1,,
2135,incompetent,unfit,4,2,,
2136,sufficient,satisfactory,3,4,,
2139,exposed,open,2,2,,
2143,catholic,liberal,2,3,,
2147,destructive,deadly,3,2,,
2149,apprehensive,fearful,4,2,,
2150,pale,blank,1,1,,
2151,modern,recent,2,2,,
2157,protected,secure,3,2,,
2158,dishonest,false,3,1,,
2162,mobile,fickle,2,2,,
2163,adequate,capable,3,3,,
2164,sinuous,curved,2,1,,
2166,eccentric,odd,3,1,,
2170,incorrect,erroneous,3,4,,
2172,positive,absolute,3,3,,
2174,cheerful,optimistic,2,4,,
2177,theoretical,ideal,5,2,,
2178,electric,magnetic,3,3,,
2180,naked,bare,2,1,,
2181,sharp,gritty,1,2,,
2183,bad,dire,1,1,,
2184,exquisite,rare,3,1,,
2187,modern,contemporary,2,5,,
2192,anachronistic,outdated,5,3,,
2193,legitimate,reasonable,4,4,,
2194,average,usual,3,3,,
2196,multinational,transnational,5,4,,
2197,obtuse,dull,2,1,,
2199,pathetic,miserable,3,4,,
2200,cultural,ethnical,3,3,,
2202,beneficial,good,4,1,,
2203,loud,brassy,1,2,,
2204,big,heavy,1,2,,
2209,greek,spartan,1,2,,
2210,magnificent,splendid,4,2,,
2211,joyous,lively,2,2,,
2213,dramatic,scenic,3,2,,
2215,essential,substantial,3,3,,
2223,ingenious,intelligent,3,4,,
2226,prevalent,successful,3,3,,
2230,arid,dry,2,1,,
2231,unrelated,foreign,4,2,,
2232,common,profane,2,2,,
2235,fine,exquisite,1,3,,
2237,indignant,angry,3,2,,
2239,boring,tiresome,2,3,,
2241,violet,purplish,3,2,,
2244,civilized,enlightened,3,3,,
2250,overdue,late,3,1,,
2252,potent,able,2,2,,
2254,empty,clean,2,1,,
2257,crucial,decisive,2,3,,
2258,optional,facultative,3,4,,
2260,fussy,fastidious,2,4,,
2262,precise,formal,2,2,,
2263,integral,intact,3,2,,
2265,spectacular,outstanding,4,3,,
2266,arrogant,haughty,3,2,,
2272,unlucky,unfortunate,3,4,,
2274,senseless,stupid,2,2,,
2275,poor,inadequate,1,4,,
2276,indirect,secondary,3,4,,
2279,lively,gay,2,1,,
2283,effective,efficacious,3,4,,
2284,solid,impenetrable,2,5,,
2285,fraudulent,fake,3,1,,
2288,advanced,modern,2,2,,
2290,sober,steady,2,2,,
2292,wonderful,grand,3,1,,
2298,fatal,black,2,1,,
2299,general,indefinite,3,4,,
2300,large,enormous,1,3,,
2306,nominal,titular,3,3,,
2310,preventative,prophylactic,4,4,,
2314,earnest,warm,2,1,,
2315,hale,healthy,1,2,,
2320,rigorous,strict,3,1,,
2323,delighted,pleased,3,1,,
2324,classical,hellenic,3,3,,
2327,reserved,distant,2,2,,
2329,despicable,low,4,1,,
2332,unplanned,unintentional,2,5,,
2335,deep,obscure,1,2,,
2338,hairy,haired,2,1,,
2342,great,enormous,1,3,,
2348,enough,adequate,2,3,,
2350,inseparable,individual,5,5,,
2351,free,unrestrained,1,3,,
2353,irregular,abnormal,4,3,,
2355,merciful,compassionate,3,4,,
2359,similar,homogenous,3,4,,
2361,southern,southerly,2,3,,
2362,unlawful,wrongful,3,2,,
2364,top,better,1,2,,
2365,privy,private,2,2,,
2368,infinite,perfect,3,2,,
2371,ready,apt,2,1,,
2374,worldly,mundane,2,2,,
2376,characteristic,typical,5,3,,
2378,particular,distinguished,4,3,,
2379,trustworthy,honest,3,2,,
2383,blasphemous,irreverent,3,4,,
2384,inner,internal,2,3,,
2385,second,forward,2,2,,
2386,necessary,essential,4,3,,
2387,dense,dull,1,1,,
2388,natural,legitimate,3,4,,
2390,smooth,flat,1,1,,
2391,idle,unemployed,2,3,,
2393,hidden,secret,2,2,,
2395,unjust,false,2,1,,
2397,unlike,different,2,3,,
2398,pleasant,amusing,2,3,,
2399,insecure,unstable,3,3,,
2400,alive,lively,2,2,,
2401,vigorous,powerful,3,3,,
2404,fine,subtle,1,2,,
2407,tenacious,tough,3,1,,
2410,astonishing,wonderful,4,3,,
2412,terrifying,terrific,4,3,,
2414,gratuitous,unfounded,4,3,,
2418,obsolete,dead,3,1,,
2419,respectable,honorable,4,4,,
2420,wicked,ungodly,2,3,,
2423,sharp,quick,1,1,,
2426,teeny,tiny,2,2,,
2427,concrete,special,2,2,,
2429,fleshy,fat,2,1,,
2432,commodious,spacious,4,2,,
2434,actual,genuine,3,3,,
2435,scared,frightened,1,2,,
2436,sinful,ungodly,2,3,,
2441,majestic,proud,3,1,,
2445,spacious,broad,2,1,,
2446,misty,cloudy,2,2,,
2449,impartial,fair,3,1,,
2452,worthless,useless,2,2,,
2453,hapless,unlucky,2,3,,
2454,erratic,strange,3,1,,
2455,delicate,refined,3,2,,
2456,loud,garish,1,2,,
2457,sticky,cohesive,2,3,,
2458,large,gigantic,1,3,,
2459,harmful,injurious,2,4,,
2460,individual,respective,5,3,,
2462,bent,common,1,2,,
2463,supreme,sovereign,2,2,,
2464,substantive,substantial,3,3,,
2467,dry,arid,1,2,,
2468,collegiate,academic,3,4,,
2470,thick,close,1,1,,
2471,more,increased,1,2,,
2473,black,grim,1,1,,
2475,immediate,next,4,1,,
2477,quick,sensitive,1,3,,
2478,austere,stark,2,1,,
2479,liberal,free,3,1,,
2480,rough,ragged,1,2,,
2481,lawful,constitutional,2,5,,
2483,small,diminished,1,3,,
2485,sane,healthy,1,2,,
2486,adjunct,associate,2,4,,
2487,approachable,affable,4,3,,
2488,spiritual,platonic,4,3,,
2490,determined,resolute,3,3,,
2494,acceptable,popular,4,3,,
2496,absurd,preposterous,2,4,,
2497,original,primary,4,3,,
2498,brown,tawny,1,2,,
2500,soft,subdued,1,2,,
2501,mild,kind,1,1,,
2502,tolerant,liberal,3,3,,
2505,proud,arrogant,1,3,,
2507,optional,discretionary,3,5,,
2509,important,grave,3,1,,
2510,bland,soft,1,1,,
2513,unacceptable,impossible,5,4,,
2514,hateful,mean,2,1,,
2515,secret,mysterious,2,4,,
2518,stubborn,unyielding,2,3,,
2519,affable,gracious,3,2,,
2524,real,material,1,4,,
2525,funny,peculiar,2,3,,
2528,true,unwavering,1,4,,
2535,dumb,vulgar,1,2,,
2536,grand,princely,1,2,,
2537,convenient,appropriate,3,4,,
2539,heavy,sound,2,1,,
2541,destitute,poor,3,1,,
2543,jumpy,nervous,2,2,,
2544,vivid,graphic,2,2,,
2547,masculine,male,3,1,,
2550,popular,cheap,3,1,,
2554,structural,organic,3,3,,
2557,wonderful,strange,3,1,,
2559,agreeable,pleasant,4,2,,
2560,glossy,smooth,2,1,,
2563,critical,decisive,3,3,,
2566,integral,whole,3,1,,
2569,proper,decent,2,2,,
2572,painstaking,conscientious,3,4,,
2573,various,uncertain,3,3,,
2574,true,truthful,1,2,,
2575,haphazard,unplanned,3,2,,
2578,mundane,everyday,2,3,,
2579,miserly,greedy,3,2,,
2580,lazy,sluggish,2,2,,
2587,prepared,disposed,2,2,,
2588,heroic,noble,3,2,,
2589,fastidious,difficult,4,3,,
2592,angry,black,2,1,,
2594,great,neat,1,1,,
2597,quick,lively,1,2,,
2598,classy,cool,2,1,,
2599,rude,bloody,1,2,,
2601,extraordinary,singular,5,3,,
2602,hereditary,familial,5,3,,
2604,ready,willing,2,2,,
2606,pleasant,nice,2,1,,
2607,dishonest,deceitful,3,3,,
2608,quick,alert,1,2,,
2609,bent,crooked,1,2,,
2610,pristine,original,2,4,,
2611,great,long,1,1,,
2612,gracious,nice,2,1,,
2615,dismal,dreary,2,2,,
2616,geological,geologic,5,4,,
2619,depraved,immoral,2,3,,
2621,rightful,true,2,1,,
2625,boisterous,rough,3,1,,
2630,faithful,sincere,2,2,,
2632,equal,fellow,2,2,,
2633,fresh,novel,1,2,,
2634,smooth,soft,1,1,,
2636,low,small,1,1,,
2640,righteous,holy,2,2,,
2642,everyday,casual,3,3,,
2643,stubborn,inflexible,2,4,,
2644,conventional,typical,4,3,,
2646,surprising,extraordinary,3,5,,
2648,positive,indisputable,3,5,,
2653,trivial,common,3,2,,
2657,vertical,upright,3,2,,
2658,grim,relentless,1,3,,
2659,arrogant,high,3,1,,
2660,sufficient,enough,3,2,,
2661,strong,violent,1,3,,
2662,unmixed,simple,2,2,,
2663,fortunate,happy,3,2,,
2664,normal,perpendicular,2,5,,
2666,sinful,criminal,2,3,,
2667,central,middle,2,2,,
2673,adjacent,near,3,1,,
2675,circular,perfect,3,2,,
2676,brown,mahogany,1,4,,
2678,serious,sober,3,2,,
2679,central,focal,2,2,,
2680,good,propitious,1,3,,
2681,awesome,amazing,2,3,,
2683,latter,last,2,1,,
2684,basic,introductory,2,5,,
2685,differential,special,4,2,,
2687,pure,guiltless,1,2,,
2688,profane,blasphemous,2,3,,
2690,minimum,minimal,3,3,,
2691,bad,negative,1,3,,
2692,unmixed,pure,2,1,,
2695,fearless,courageous,2,3,,
2699,tedious,boring,3,2,,
2703,great,foremost,1,2,,
2705,metaphorical,figurative,5,4,,
2707,close,careful,1,2,,
2711,mandatory,required,4,3,,
2712,rigid,inflexible,2,4,,
2716,dangerous,severe,3,2,,
2722,nationalistic,chauvinistic,5,4,,
2724,clever,ingenious,2,3,,
2726,unable,impotent,3,3,,
2729,big,handsome,1,2,,
2730,enhanced,better,2,2,,
2731,adjoining,adjacent,3,3,,
2732,athletic,vigorous,3,3,,
2733,comic,farcical,2,3,,
2735,decent,fair,2,1,,
2736,systematic,methodical,4,4,,
2737,sectional,local,3,2,,
2739,straight,square,1,1,,
2740,formal,external,2,3,,
2741,fresh,smart,1,1,,
2744,chilling,cold,2,1,,
2745,brief,succinct,1,2,,
2747,stripped,bare,1,1,,
2748,dirty,nasty,2,2,,
2750,extensive,wide,3,1,,
2751,popular,public,3,2,,
2752,apathetic,indifferent,4,3,,
2754,foul,filthy,1,2,,
2755,tall,lofty,1,2,,
2761,hot,glowing,1,2,,
2763,old,aged,1,1,,
2764,dirty,foul,2,1,,
2765,abusive,fraudulent,3,3,,
2768,arabian,arab,4,2,,
2770,outspoken,vocal,3,2,,
2774,ecumenical,general,5,3,,
2776,particular,exceptional,4,4,,
2777,productive,profitable,3,4,,
2780,wry,dry,1,1,,
2781,transnational,multinational,4,5,,
2783,juicy,luscious,2,2,,
2784,privy,secret,2,2,,
2787,extraordinary,enormous,5,3,,
2790,respectable,good,4,1,,
2793,grotesque,monstrous,2,2,,
2794,dull,boring,1,2,,
2796,rusty,dark,2,1,,
2797,horrible,awful,3,2,,
2798,prominent,outstanding,3,3,,
2801,quick,hasty,1,2,,
2802,frozen,icy,2,2,,
2804,overbearing,tyrannical,4,4,,
2806,chief,master,1,2,,
2810,active,prompt,2,1,,
2811,tragic,dramatic,2,3,,
2812,silent,calm,2,1,,
2813,frank,forthright,1,2,,
2816,dangerous,grave,3,1,,
2817,crucial,essential,2,3,,
2819,elegant,polished,3,2,,
2821,ambitious,bold,3,1,,
2823,exuberant,rich,4,1,,
2829,disabled,crippled,3,2,,
2832,pernicious,wicked,3,2,,
2833,hot,acrid,1,2,,
2836,previous,late,3,1,,
2838,strong,ardent,1,2,,
2841,geometric,geometrical,4,5,,
2844,thick,extreme,1,2,,
2845,inconvenient,embarrassing,4,4,,
2850,wealthy,opulent,2,3,,
2853,sublime,solemn,2,2,,
2857,angry,troublesome,2,3,,
2859,southern,south,2,1,,
2860,brownish,brown,2,1,,
2861,false,mistaken,1,3,,
2862,hostile,warlike,2,2,,
2863,chauvinistic,nationalistic,4,5,,
2864,cultured,refined,2,2,,
2868,solid,profound,2,2,,
2869,perpetual,eternal,4,3,,
2870,additive,positive,3,3,,
2872,subdued,soft,2,1,,
2873,enormous,immense,3,2,,
2878,robust,forceful,2,2,,
2879,crude,gross,1,1,,
2880,grand,splendid,1,2,,
2885,flat,dead,1,1,,
2887,important,valuable,3,3,,
2889,waterlogged,marshy,3,2,,
2891,angular,sharp,3,1,,
2892,compassionate,merciful,4,3,,
2894,courageous,fearless,3,2,,
2898,nice,pleasing,1,2,,
2900,adequate,sufficient,3,3,,
2903,compassionate,sympathetic,4,4,,
2907,gallant,brave,2,1,,
2908,absurd,laughable,2,3,,
2911,keen,intelligent,1,4,,
2913,natural,accustomed,3,3,,
2915,dear,expensive,1,3,,
2918,eloquent,articulate,3,4,,
2919,kind,sympathetic,1,4,,
2920,obedient,pious,4,2,,
2923,uncivilized,barbaric,4,3,,
2925,sympathetic,compassionate,4,4,,
2926,sweet,fair,1,1,,
2927,imperial,supreme,4,2,,
2928,inoffensive,harmless,4,2,,
2933,substantial,solid,3,2,,
2934,disgusting,revolting,3,3,,
2935,masculine,strong,3,1,,
2941,gawky,awkward,2,2,,
2942,irrational,unreasonable,4,4,,
2943,safe,secure,1,2,,
2945,immoral,obscene,3,2,,
2946,stark,desolate,1,3,,
2948,dangerous,critical,3,3,,
2950,civilized,cultured,3,2,,
2953,valiant,courageous,2,3,,
2956,secretive,private,3,2,,
2959,disastrous,catastrophic,3,4,,
2960,criminal,illegal,3,3,,
2961,rich,gorgeous,1,2,,
2962,grand,heroic,1,3,,
2964,average,medium,3,3,,
2965,heroic,grand,3,1,,
2969,grand,stately,1,2,,
2973,substantial,important,3,3,,
2975,evident,obvious,3,3,,
2978,outspoken,frank,3,1,,
2980,common,frequent,2,2,,
2984,venomous,toxic,3,2,,
2986,cheery,lively,2,2,,
2987,peculiar,unusual,3,4,,
2989,distinguished,celebrated,3,4,,
2992,pink,pinkish,1,2,,
2995,compact,succinct,2,2,,
2999,bare,simple,1,2,,
3000,quick,impatient,1,3,,
3001,dear,good,1,1,,
3002,last,recent,1,2,,
3003,low,light,1,1,,
3005,fertile,productive,2,3,,
3007,zany,wacky,2,2,,
3009,natural,regular,3,3,,
3010,record,low,2,1,,
3011,ready,cheerful,2,2,,
3015,high,mellow,1,2,,
3016,bad,wicked,1,2,,
3017,summary,abstract,3,2,,
3018,fleshy,succulent,2,3,,
3020,tired,weary,2,2,,
3021,familiar,common,3,2,,
3022,bright,lively,1,2,,
3023,synonymous,identical,4,4,,
3024,subordinate,inferior,4,4,,
3026,bourgeois,conservative,2,4,,
3031,unabridged,complete,3,2,,
3033,genuine,authentic,3,3,,
3036,icy,arctic,2,2,,
3040,colossal,enormous,3,3,,
3043,proportional,corresponding,4,4,,
3047,young,inexperienced,1,5,,
3048,simple,homogenous,2,4,,
3049,likely,agreeable,2,4,,
3050,soft,mild,1,1,,
3051,bleak,black,1,1,,
3052,witty,sparkling,2,2,,
3053,humble,lowly,2,2,,
3054,disrespectful,uncivil,4,3,,
3056,superficial,trivial,4,3,,
3058,brown,maroon,1,2,,
3059,religious,strict,3,1,,
3062,obsolete,obscure,3,2,,
3063,melodious,rich,4,1,,
3068,zealous,ardent,2,2,,
3070,serious,earnest,3,2,,
3072,asian,asiatic,2,4,,
3073,ornamental,fancy,4,2,,
3074,pragmatic,philosophical,3,5,,
3075,great,immense,1,2,,
3078,mysterious,secret,4,2,,
3080,easy,prosperous,2,3,,
3083,unequal,unjust,3,2,,
3084,goofy,silly,2,2,,
3085,black,mordant,1,2,,
3087,haughty,disdainful,2,3,,
3088,religious,conscientious,3,4,,
3090,feeble,weak,2,1,,
3092,popular,ordinary,3,4,,
3095,generous,magnanimous,3,4,,
3097,sore,severe,1,2,,
3099,gracious,merciful,2,3,,
3100,packed,full,1,1,,
3101,unnamed,unknown,2,2,,
3102,last,late,1,1,,
3103,elevated,sublime,4,2,,
3105,able,competent,2,3,,
3106,tight,wet,1,1,,
3107,habitual,usual,4,3,,
3109,aware,watchful,2,2,,
3111,mean,despicable,1,4,,
3114,constant,invariant,2,4,,
3116,pure,stark,1,1,,
3120,whimsical,strange,3,1,,
3121,specific,definite,3,3,,
3124,hindu,indian,2,3,,
3126,main,leading,1,2,,
3127,respective,individual,3,5,,
3128,identical,same,4,1,,
3131,boisterous,noisy,3,2,,
3132,magnificent,grand,4,1,,
3133,similar,such,3,1,,
3135,intermediate,middle,5,2,,
3136,tender,fond,2,1,,
3137,enormous,tremendous,3,3,,
3138,bright,smart,1,1,,
3139,bare,plain,1,1,,
3140,bare,barren,1,2,,
3143,bright,vivid,1,2,,
3144,shy,suspicious,1,3,,
3147,barren,sterile,2,2,,
3148,artificial,contrived,4,2,,
3149,tough,sturdy,1,2,,
3152,contiguous,adjoining,4,3,,
3160,sublime,noble,2,2,,
3161,emotional,excited,4,3,,
3162,prime,original,1,4,,
3164,personal,movable,3,3,,
3168,needless,unnecessary,2,5,,
3169,sharp,clever,1,2,,
3171,positive,certain,3,2,,
3172,jealous,suspicious,2,3,,
3173,hasty,quick,2,1,,
3174,foundational,basic,4,2,,
3175,pliable,elastic,3,3,,
3177,spoiled,bad,1,1,,
3178,disinterested,uninterested,4,4,,
3179,thoughtful,concerned,2,2,,
3180,immoral,lewd,3,1,,
3182,roomy,comfortable,2,4,,
3184,overcast,cloudy,3,2,,
3185,bottom,north,2,1,,
3186,backward,undeveloped,2,4,,
3187,tough,bad,1,1,,
3190,radical,extremist,3,3,,
3193,intense,deep,2,1,,
3194,joint,concurrent,1,3,,
3195,simple,natural,2,3,,
3196,shallow,superficial,2,4,,
3199,energetic,active,4,2,,
3201,stern,gloomy,1,2,,
3204,false,untrue,1,2,,
3205,available,present,4,2,,
3207,typical,distinctive,3,3,,
3209,audacious,bold,3,1,,
3212,renowned,eminent,2,3,,
3213,foremost,first,2,1,,
3216,south,southern,1,2,,
3218,definite,clear,3,1,,
3219,ridiculous,idiotic,4,4,,
3221,greek,ionic,1,3,,
3223,good,well,1,1,,
3224,black,negro,1,2,,
3229,slight,frail,1,1,,
3230,furious,angry,3,2,,
3231,erstwhile,former,2,2,,
3232,sinful,wrong,2,1,,
3238,trustworthy,faithful,3,2,,
3241,weak,soft,1,1,,
3242,prior,previous,2,3,,
3246,brilliant,bright,2,1,,
3247,cogent,strong,2,1,,
3250,confidential,secret,4,2,,
3251,indian,amerindian,3,5,,
3252,remote,primary,2,3,,
3254,high,mighty,1,2,,
3255,strange,uncommon,1,3,,
3259,correct,right,2,1,,
3264,czech,czechoslovakian,1,6,,
3265,blessed,happy,1,2,,
3267,popular,democratic,3,4,,
3268,official,public,3,2,,
3271,fashionable,current,4,2,,
3275,earnest,eager,2,2,,
3278,magical,mystical,3,3,,
3282,eternal,immutable,3,4,,
3283,central,nuclear,2,3,,
3284,odd,left,1,1,,
3285,nice,correct,1,2,,
3286,great,powerful,1,3,,
3287,endemic,indigenous,3,4,,
3289,stingy,miserly,2,3,,
3290,sudden,abrupt,2,2,,
3291,peculiar,odd,3,1,,
3297,healthy,vigorous,2,3,,
3299,stark,pure,1,1,,
3301,fitting,proper,2,2,,
3304,worthy,excellent,2,3,,
3307,luxurious,grand,4,1,,
3308,black,somber,1,2,,
3310,remarkable,conspicuous,4,4,,
3312,confused,disorganized,2,4,,
3313,energetic,forceful,4,2,,
3315,strong,sound,1,1,,
3316,delicate,luxurious,3,4,,
3321,second,back,2,1,,
3324,formal,exact,2,2,,
3326,magnificent,brilliant,4,2,,
3327,plain,intelligible,1,5,,
3329,argentinian,argentine,5,3,,
3330,warlike,military,2,4,,
3334,long,elongated,1,4,,
3337,elevated,grand,4,1,,
3339,negative,damaging,3,3,,
3341,important,esteemed,3,2,,
3343,unobstructed,clear,4,1,,
3344,fruitful,productive,2,3,,
3345,lone,only,1,2,,
3346,constant,determined,2,3,,
3347,pictorial,vivid,4,2,,
3348,renowned,notable,2,3,,
3350,sudden,unexpected,2,4,,
3352,sharp,abrupt,1,2,,
3353,adjoining,contiguous,3,4,,
3359,mighty,big,2,1,,
3362,respectable,proper,4,2,,
3364,awesome,awful,2,2,,
3365,refined,elegant,2,3,,
3372,unacceptable,unwelcome,5,3,,
3373,crowded,full,2,1,,
3377,sharp,sour,1,2,,
3380,median,average,3,3,,
3381,arbitrary,despotic,4,3,,
3384,due,suitable,1,3,,
3386,constant,immutable,2,4,,
3387,prospective,future,3,2,,
3388,serene,bright,2,1,,
3391,equivocal,uncertain,4,3,,
3392,banal,trite,2,1,,
3394,close,secret,1,2,,
3395,foul,poor,1,1,,
3396,transverse,cross,2,1,,
3404,bloody,gory,2,2,,
3405,pompous,arrogant,2,3,,
3406,strange,extraordinary,1,5,,
3408,last,net,1,1,,
3413,uncertain,variable,3,4,,
3421,impracticable,impossible,5,4,,
3424,pure,real,1,1,,
3430,benevolent,kind,4,1,,
3431,bountiful,generous,3,3,,
3432,intrinsic,innate,3,2,,
3434,minimal,minimum,3,3,,
3435,gallant,heroic,2,3,,
3436,generous,noble,3,2,,
3438,damp,humid,1,2,,
3441,stately,formal,2,2,,
3444,universal,total,4,2,,
3445,overbearing,insolent,4,3,,
3447,deficient,inferior,3,4,,
3448,witty,sharp,2,1,,
3449,positive,actual,3,3,,
3451,undercover,secret,4,2,,
3452,contrary,repugnant,3,3,,
3454,depraved,corrupt,2,2,,
3459,vivid,spirited,2,3,,
3461,red,crimson,1,2,,
3465,common,vulgar,2,2,,
3466,strict,severe,1,2,,
3468,manifest,visible,3,3,,
3469,great,swell,1,1,,
3475,medicinal,medical,4,3,,
3478,petty,little,2,2,,
3480,inaccurate,incomplete,4,3,,
3482,abnormal,extraordinary,3,5,,
3483,sober,serious,2,3,,
3485,worth,valuable,1,3,,
3486,wary,careful,2,2,,
3487,questionable,uncertain,4,3,,
3489,sure,permanent,1,3,,
3490,interesting,funny,3,2,,
3491,sturdy,firm,2,1,,
3494,visual,visible,3,3,,
3495,purple,imperial,2,4,,
3496,tranquil,quiet,2,2,,
3497,convenient,fit,3,1,,
3499,singular,remarkable,3,4,,
3501,notable,prominent,3,3,,
3502,accurate,nice,3,1,,
3504,lawless,unruly,2,3,,
3505,mod,modern,1,2,,
3508,cortical,external,3,3,,
3509,strong,hardy,1,2,,
3512,graceful,refined,2,2,,
3514,flat,dull,1,1,,
3516,incomplete,imperfect,3,3,,
3517,untried,untested,2,3,,
3519,lustrous,bright,2,1,,
3520,deceitful,cunning,3,2,,
3523,ironic,dry,3,1,,
3526,final,eventual,2,4,,
3529,mundane,routine,2,2,,
3531,novel,rare,2,1,,
3532,primary,original,3,4,,
3534,demonic,satanic,3,3,,
3535,sad,touching,1,2,,
3537,tragic,terrible,2,3,,
3538,liberal,broad,3,1,,
3539,coastal,littoral,2,3,,
3542,high,tall,1,1,,
3544,secure,certain,2,2,,
3547,spicy,savory,2,3,,
3549,spiritual,pure,4,1,,
3551,questionable,controversial,4,4,,
3552,heavy,leaden,2,2,,
3553,considerable,fair,5,1,,
3554,natural,native,3,2,,
3555,square,straight,1,1,,
3556,delicate,exquisite,3,3,,
3557,ordinary,medium,4,3,,
3558,personalized,individualized,4,6,,
3559,intense,acute,2,2,,
3560,eccentric,whimsical,3,3,,
3561,blank,vacant,1,2,,
3563,trite,banal,1,2,,
3565,common,commonplace,2,3,,
3566,breezy,brisk,2,1,,
3567,tolerant,kind,3,1,,
3569,venomous,deadly,3,2,,
3572,barbarian,foreign,4,2,,
3576,definite,precise,3,2,,
3581,sundry,various,2,3,,
3585,considerable,large,5,1,,
3586,precious,dear,2,1,,
3588,instinctive,intuitive,3,4,,
3589,firm,stiff,1,1,,
3590,interesting,exciting,3,3,,
3591,offensive,rude,3,1,,
3596,actual,very,3,2,,
3598,poignant,moving,2,2,,
3602,dangerous,delicate,3,3,,
3603,broad,plain,1,1,,
3604,near,immediate,1,4,,
3605,innate,intrinsic,2,3,,
3606,informative,illuminating,4,5,,
3607,limited,qualified,3,3,,
3609,intimate,close,3,1,,
3612,ferocious,barbarous,3,3,,
3615,superb,fine,2,1,,
3618,erroneous,false,4,1,,
3619,archetypal,original,3,4,,
3621,erroneous,misleading,4,3,,
3625,common,customary,2,4,,
3626,glad,pleased,1,1,,
3628,devout,holy,2,2,,
3629,romantic,picturesque,3,3,,
3630,gentle,aristocratic,2,5,,
3632,logical,sound,3,1,,
3635,faint,weak,1,1,,
3638,gloomy,melancholy,2,4,,
3639,ordinary,customary,4,4,,
3641,alcoholic,strong,4,1,,
3642,hot,brisk,1,1,,
3643,chemical,analytical,3,5,,
3644,strong,sticky,1,2,,
3645,sound,unharmed,1,2,,
3647,sullen,dark,2,1,,
3648,impure,immoral,2,3,,
3650,anxious,restless,2,2,,
3652,balmy,mild,2,1,,
3654,passionate,ardent,3,2,,
3655,average,median,3,3,,
3656,quiet,undisturbed,2,3,,
3657,nice,kind,1,1,,
3658,late,former,1,2,,
3662,rural,rustic,2,2,,
3663,amateur,corinthian,3,4,,
3664,watery,liquid,3,2,,
3666,virtuous,brave,3,1,,
3668,respective,particular,3,4,,
3669,thorough,good,2,1,,
3672,untrammeled,free,3,1,,
3673,valid,powerful,2,3,,
3675,principal,primary,3,3,,
3679,free,barren,1,2,,
3680,archaic,primitive,3,3,,
3681,adept,skillful,2,2,,
3682,spiritual,intellectual,4,5,,
3684,spontaneous,voluntary,4,4,,
3686,unknown,nameless,2,2,,
3688,secret,privy,2,2,,
3689,lonely,solitary,2,4,,
3690,useful,advantageous,2,4,,
3691,persian,iranian,2,4,,
3694,potent,influential,2,4,,
3699,copious,full,3,1,,
3702,unwarranted,unfounded,4,3,,
3704,available,advantageous,4,4,,
3707,heavy,hard,2,1,,
3710,princely,royal,2,2,,
3712,sincere,frank,2,1,,
3715,sparkling,witty,2,2,,
3716,pretty,neat,2,1,,
3718,good,advantageous,1,4,,
3719,stiff,formal,1,2,,
3724,outstanding,distinguished,3,3,,
3727,conventional,artificial,4,4,,
3728,sweet,gracious,1,2,,
3731,accessible,ready,4,2,,
3736,rear,early,1,2,,
3737,reckless,negligent,2,3,,
3739,mental,interior,2,4,,
3742,western,west,2,1,,
3743,frank,generous,1,3,,
3744,hard,firm,1,1,,
3748,detailed,particular,2,4,,
3749,coercive,compulsory,3,4,,
3751,dull,awkward,1,2,,
3753,particular,special,4,2,,
3754,opposed,hostile,2,2,,
3756,capable,comprehensive,3,4,,
3757,filthy,impure,2,2,,
3759,wise,skillful,1,2,,
3762,reliable,certain,4,2,,
3763,unaware,ignorant,3,3,,
3764,tight,whole,1,1,,
3765,square,even,1,2,,
3766,concise,succinct,2,2,,
3768,original,pristine,4,2,,
3769,good,merciful,1,3,,
3770,famed,famous,1,2,,
3771,undefined,vague,3,1,,
3772,good,adapted,1,3,,
3775,dead,deceased,1,2,,
3776,intrinsic,real,3,1,,
3777,upright,vertical,2,3,,
3778,morbid,grim,2,1,,
3782,peculiar,singular,3,3,,
3783,first,foremost,1,2,,
3785,concentrated,hard,4,1,,
3791,fake,bogus,1,2,,
3793,cheap,inexpensive,1,4,,
3794,wonderful,surprising,3,3,,
3795,constant,solid,2,2,,
3801,barbarous,foreign,3,2,,
3802,final,extreme,2,2,,
3803,many,numerous,2,3,,
3804,heartfelt,earnest,2,2,,
3806,native,creole,2,2,,
3808,safe,good,1,1,,
3809,particular,respective,4,3,,
3812,wary,cautious,2,2,,
3813,filthy,obscene,2,2,,
3816,short,brittle,1,2,,
3817,stupid,dumb,2,1,,
3818,charming,amiable,2,4,,
3820,sick,crazy,1,2,,
3822,mental,emotional,2,4,,
3825,early,other,2,2,,
3826,dangerous,bad,3,1,,
3829,mythical,fictitious,3,3,,
3831,thick,great,1,1,,
3833,angry,dark,2,1,,
3834,destitute,free,3,1,,
3835,effective,good,3,1,,
3838,handy,ready,2,2,,
3839,supporting,second,3,2,,
3844,justifiable,excusable,5,4,,
3848,minuscule,tiny,3,2,,
3852,incidental,accidental,4,4,,
3853,green,recent,1,2,,
3854,pragmatic,realistic,3,4,,
3855,sad,sorrowful,1,3,,
3856,sparkling,lively,2,2,,
3857,lackluster,mediocre,3,4,,
3858,upset,unhappy,2,3,,
3860,deep,rich,1,1,,
3864,clean,light,1,1,,
3866,formal,stately,2,2,,
3867,lucrative,profitable,3,4,,
3872,distant,faint,2,1,,
3874,westerly,western,3,2,,
3875,pitiful,sad,3,1,,
3876,ready,fitted,2,2,,
3877,surprised,unexpected,2,4,,
3880,operative,effective,4,3,,
3881,underground,subterranean,3,5,,
3883,raucous,rough,2,1,,
3884,favorable,conducive,4,3,,
3885,strict,rigorous,1,3,,
3886,mere,pure,1,1,,
3887,short,crisp,1,1,,
3889,confidential,private,4,2,,
3890,miserable,bad,4,1,,
3891,tortuous,oblique,3,2,,
3892,skillful,able,2,2,,
3895,bony,skeletal,2,3,,
3898,awesome,cool,2,1,,
3899,unchanging,stable,3,2,,
3900,good,beneficial,1,4,,
3901,thin,slight,1,1,,
3904,unnatural,abnormal,4,3,,
3905,recent,late,2,1,,
3906,ornamental,decorative,4,3,,
3910,pious,devout,2,2,,
3911,sour,dark,2,1,,
3913,eminent,celebrated,3,4,,
3915,callous,unfeeling,2,3,,
3918,unfinished,incomplete,3,3,,
3920,obsessional,compulsive,4,3,,
3927,transparent,translucent,3,3,,
3931,equal,parallel,2,3,,
3932,pronounced,broad,2,1,,
3935,total,sum,2,1,,
3937,uniform,constant,3,2,,
3939,brawny,muscular,2,3,,
3940,free,liberated,1,4,,
3942,absurd,illogical,2,4,,
3943,useful,beneficial,2,4,,
3944,simple,harmless,2,2,,
3945,unfounded,wild,3,1,,
3946,tidy,neat,2,1,,
3950,pregnant,significant,2,4,,
3951,hooked,curved,1,1,,
3955,grim,unforgiving,1,4,,
3956,unfeeling,callous,3,2,,
3960,right,suitable,1,3,,
3962,moody,gloomy,2,2,,
3963,righteous,honest,2,2,,
3964,early,precocious,2,3,,
3967,pale,sickly,1,2,,
3968,wanton,malicious,2,3,,
3971,immediate,instant,4,2,,
3973,moody,sad,2,1,,
3975,beautiful,lustrous,3,2,,
3976,meaningless,insignificant,3,5,,
3977,susceptible,sensitive,4,3,,
3980,cruel,savage,2,2,,
3981,joint,siamese,1,3,,
3982,magnanimous,generous,4,3,,
3983,constant,consistent,2,3,,
3988,docile,compliant,2,3,,
3990,inauspicious,unlucky,4,3,,
3994,amazing,awesome,3,2,,
3996,tame,mild,1,1,,
3998,petite,small,2,1,,
4002,lesbian,erotic,3,3,,
4008,extreme,last,2,1,,
4009,extensive,broad,3,1,,
4013,inconsistent,contradictory,4,5,,
4014,insightful,thoughtful,3,2,,
4015,diverse,various,2,3,,
4018,grand,extensive,1,3,,
4021,mixed,confused,1,2,,
4026,honest,candid,2,2,,
4029,exceptional,unusual,4,4,,
4032,noble,free,2,1,,
4033,joint,concerted,1,3,,
4034,vulgar,mean,2,1,,
4035,former,other,2,2,,
4040,secret,clandestine,2,3,,
4041,careful,cautious,2,2,,
4043,likely,credible,2,3,,
4044,stubborn,persistent,2,3,,
4045,easterly,eastern,3,2,,
4046,blunt,harsh,1,1,,
4048,cosmopolitan,universal,5,4,,
4049,magnetic,magnetized,3,3,,
4050,noted,famous,2,2,,
4051,brutal,coarse,2,1,,
4052,fertile,rich,2,1,,
4057,ascetic,severe,3,2,,
4058,sweet,sugary,1,3,,
4059,smart,sharp,1,1,,
4062,witty,satirical,2,4,,
4069,clean,fair,1,1,,
4070,subject,inferior,2,4,,
4071,dumb,mute,1,1,,
4072,good,suitable,1,3,,
4074,brief,abstract,1,2,,
4076,isolated,insular,4,3,,
4079,bright,shiny,1,2,,
4082,exhaustive,thorough,3,2,,
4084,great,large,1,1,,
4085,middle,intermediate,2,5,,
4087,disconnected,fragmented,4,3,,
4089,notable,noted,3,2,,
4090,difficult,laborious,3,4,,
4094,alone,separate,2,3,,
4097,forensic,controversial,3,4,,
4098,imperious,arrogant,4,3,,
4106,several,distinct,2,2,,
4107,hurtful,harmful,2,2,,
4108,attenuated,weakened,5,2,,
4110,full,complete,1,2,,
4111,amazed,stunned,2,1,,
4112,vitriolic,bitter,4,2,,
4113,elongate,elongated,3,4,,
4114,peculiar,individual,3,5,,
4115,fearless,intrepid,2,3,,
4116,impressive,powerful,3,3,,
4118,deluxe,grand,2,1,,
4119,awkward,embarrassing,2,4,,
4120,hairy,rough,2,1,,
4121,necessary,requisite,4,3,,
4123,previous,former,3,2,,
4124,peculiar,specific,3,3,,
4126,drunk,drunken,1,2,,
4127,singular,extraordinary,3,5,,
4128,hot,blistering,1,3,,
4129,neat,straight,1,1,,
4131,unemotional,cold,5,1,,
4132,total,entire,2,3,,
4133,first,inaugural,1,4,,
4134,solemn,impressive,2,3,,
4135,humorous,witty,3,2,,
4140,absolute,ultimate,3,3,,
4141,great,big,1,1,,
4145,seminal,innovative,3,4,,
4151,affectionate,devoted,4,3,,
4152,cheerful,bright,2,1,,
4154,sullen,moody,2,2,,
4156,barren,stark,2,1,,
4159,willing,voluntary,2,4,,
4160,flexible,pliant,3,2,,
4161,clumsy,unwieldy,2,3,,
4162,capacious,broad,3,1,,
4163,mystic,secret,2,2,,
4168,dim,dull,1,1,,
4173,dominant,predominant,3,4,,
4174,terrible,horrific,3,3,,
4175,good,complete,1,2,,
4181,swampy,marshy,2,2,,
4182,eminent,famous,3,2,,
4183,short,abrupt,1,2,,
4184,ugly,repulsive,2,3,,
4186,ordinary,mediocre,4,4,,
4187,weird,wild,1,1,,
4188,bloody,infamous,2,3,,
4189,vertebral,spinal,3,2,,
4190,solitary,individual,4,5,,
4191,immune,free,2,1,,
4196,famous,notable,2,3,,
4197,sensational,melodramatic,4,5,,
4198,long,lengthy,1,2,,
4204,pallid,pale,2,1,,
4208,diligent,careful,3,2,,
4211,hot,beautiful,1,3,,
4212,famous,brilliant,2,2,,
4213,quiet,tranquil,2,2,,
4217,grotesque,funny,2,2,,
4218,accurate,exact,3,2,,
4219,awful,terrible,2,3,,
4220,nice,good,1,1,,
4222,thin,skinny,1,2,,
4225,wrong,faulty,1,2,,
4226,troubled,dark,2,1,,
4228,deep,muddy,1,2,,
4229,accurate,particular,3,4,,
4230,broad,wide,1,1,,
4231,normal,typical,2,3,,
4234,horrible,shocking,3,2,,
4235,wild,unfounded,1,3,,
4236,criminal,burglar,3,2,,
4237,ovoid,oval,2,2,,
4238,latter,recent,2,2,,
4240,imaginary,poetic,5,3,,
4241,uniform,regular,3,3,,
4242,dignified,noble,3,2,,
4245,secret,confidential,2,4,,
4246,important,influential,3,4,,
4247,sacred,consecrated,2,4,,
4250,unjust,unequal,2,3,,
4251,cosmic,vast,2,1,,
4253,icy,distant,2,2,,
4256,repugnant,offensive,3,3,,
4260,symbolic,typical,3,3,,
4266,clandestine,private,3,2,,
4269,inquisitive,curious,4,3,,
4271,incandescent,hot,4,1,,
4272,formal,normal,2,2,,
4277,latin,catholic,2,2,,
4280,angry,sharp,2,1,,
4281,beneficial,useful,4,2,,
4285,mysterious,hidden,4,2,,
4286,open,apparent,2,3,,
4287,gross,serious,1,3,,
4290,relevant,significant,3,4,,
4291,honest,dependable,2,4,,
4292,disturbed,distressed,2,2,,
4297,intricate,complicated,3,4,,
4298,nonchalant,casual,3,3,,
4300,lustrous,glossy,2,2,,
4302,bare,naked,1,2,,
4303,salient,striking,3,2,,
4304,broad,coarse,1,1,,
4305,heavy,oppressive,2,3,,
4307,dead,inactive,1,3,,
4310,adequate,equal,3,2,,
4311,dark,coloured,1,2,,
4313,chief,primary,1,3,,
4314,stout,bulky,1,2,,
4315,potential,powerful,3,3,,
4316,definitive,final,4,2,,
4317,unthinkable,inconceivable,4,5,,
4319,due,fit,1,1,,
4321,tranquil,peaceful,2,2,,
4322,unfriendly,hostile,3,2,,
4323,rough,boisterous,1,3,,
4325,blunt,outspoken,1,3,,
4326,brittle,crisp,2,1,,
4329,incomplete,defective,3,3,,
4330,wicked,corrupt,2,2,,
4332,toothed,serrated,1,3,,
4335,clear,plain,1,1,,
4338,dour,grim,2,1,,
4339,toothed,jagged,1,1,,
4341,credible,believable,3,4,,
4342,ready,speedy,2,2,,
4343,secretive,close,3,1,,
4345,sympathetic,appealing,4,3,,
4349,succinct,concise,2,2,,
4352,amiable,genial,4,2,,
4353,same,similar,1,3,,
4355,affable,friendly,3,2,,
4356,suspicious,jealous,3,2,,
4357,murky,muddy,2,2,,
4359,defenseless,helpless,3,2,,
4360,stiff,rigid,1,2,,
4361,conclusive,final,3,2,,
4362,explicit,express,3,2,,
4366,elegant,tasteful,3,2,,
4369,affirmative,positive,4,3,,
4370,gay,glad,1,1,,
4372,primary,immediate,3,4,,
4373,illicit,criminal,3,3,,
4379,single,weak,2,1,,
4383,particular,critical,4,3,,
4384,risky,speculative,2,4,,
4385,globular,spherical,3,3,,
4386,private,solitary,2,4,,
4392,subject,dependent,2,3,,
4394,nervous,excitable,2,4,,
4396,islamic,muslim,3,2,,
4398,genuine,native,3,2,,
4405,intimate,cozy,3,2,,
4406,good,excellent,1,3,,
4407,alert,vigilant,2,3,,
4414,painful,annoying,2,3,,
4416,square,sharp,1,1,,
4418,calm,quiet,1,2,,
4420,independent,sovereign,4,2,,
4424,overweight,obese,3,2,,
4425,dirty,lewd,2,1,,
4426,numerical,mathematical,4,5,,
4428,preventive,prophylactic,3,4,,
4430,quick,speedy,1,2,,
4431,raspy,harsh,2,1,,
4432,violet,purple,3,2,,
4434,readable,legible,3,3,,
4435,renowned,famous,2,2,,
4436,continuous,extended,4,3,,
4437,alive,active,2,2,,
4439,norwegian,norse,3,1,,
4442,external,visible,3,3,,
4443,local,territorial,2,5,,
4444,aromatic,spicy,4,2,,
4446,scurrilous,abusive,3,3,,
4447,thin,inadequate,1,4,,
4448,capable,competent,3,3,,
4449,scarce,rare,1,1,,
4450,elaborate,detailed,3,2,,
4451,efficient,potent,3,2,,
4458,chinese,celestial,2,3,,
4459,plain,normal,1,2,,
4460,silver,precious,2,2,,
4462,rounded,full,2,1,,
4463,disloyal,treacherous,3,3,,
4465,antiquated,old,4,1,,
4466,fast,sound,1,1,,
4471,refined,polished,2,2,,
4475,brown,bronze,1,1,,
4480,fine,skillful,1,2,,
4481,gracious,friendly,2,2,,
4482,charitable,benevolent,4,4,,
4484,uncompromising,strict,5,1,,
4487,like,comparable,1,4,,
4490,head,top,1,1,,
4493,large,plentiful,1,3,,
4498,prominent,notable,3,3,,
4499,equivalent,equal,4,2,,
4500,young,immature,1,3,,
4502,unstable,precarious,3,4,,
4504,ostensible,apparent,4,3,,
4506,poetic,creative,3,3,,
4508,excessive,deadly,3,2,,
4509,dual,double,2,2,,
4510,jealous,anxious,2,2,,
4511,sole,solitary,1,4,,
4512,frank,outspoken,1,3,,
4513,unconscious,unintentional,3,5,,
4514,needy,poor,2,1,,
4515,fatty,greasy,2,2,,
4516,lively,vigorous,2,3,,
4521,untrustworthy,unreliable,4,5,,
4522,grim,blue,1,1,,
4525,rich,bountiful,1,3,,
4531,furious,frantic,3,2,,
4533,short,insufficient,1,4,,
4536,arrogant,proud,3,1,,
4537,rocky,stony,2,2,,
4538,bookish,studious,2,3,,
4539,horny,hard,2,1,,
4542,poor,mean,1,1,,
4543,fiery,impassioned,3,3,,
4544,geographical,geographic,5,4,,
4548,frantic,frenetic,2,3,,
4549,vicious,wicked,2,2,,
4550,various,sundry,3,2,,
4551,moderate,slow,3,1,,
4554,sandy,gritty,2,2,,
4556,hateful,repugnant,2,3,,
4560,excited,awake,3,2,,
4561,sound,safe,1,1,,
4564,problematic,uncertain,4,3,,
4569,inhuman,savage,3,2,,
4571,silken,smooth,2,1,,
4573,inevitable,unavoidable,5,5,,
4574,summary,short,3,1,,
4576,fertile,fruitful,2,2,,
4577,predatory,carnivorous,4,4,,
4579,prominent,striking,3,2,,
4582,global,round,2,1,,
4584,homogeneous,like,5,1,,
4585,violent,rude,3,1,,
4588,moral,ethic,2,2,,
4589,common,universal,2,4,,
4591,anniversary,annual,5,3,,
4593,stiff,severe,1,2,,
4594,fake,false,1,1,,
4596,unique,unmatched,2,2,,
4597,cheerful,lively,2,2,,
4600,worthless,miserable,2,4,,
4603,unique,single,2,2,,
4604,kind,generous,1,3,,
4607,strange,slow,1,1,,
4608,small,slender,1,2,,
4610,original,genuine,4,3,,
4614,less,minor,1,2,,
4619,secret,secretive,2,3,,
4621,intermediate,medium,5,3,,
4622,true,honest,1,2,,
4623,ductile,tensile,2,2,,
4626,great,superior,1,4,,
4627,skillful,clever,2,2,,
4628,brutal,unfeeling,2,3,,
4629,meditative,reflective,4,3,,
4631,solemn,festive,2,2,,
4633,dead,complete,1,2,,
4634,bold,daring,1,2,,
4635,plain,open,1,2,,
4639,extraordinary,wonderful,5,3,,
4640,utopian,unrealistic,4,4,,
4642,objective,fair,3,1,,
4644,fearless,heroic,2,3,,
4645,extraordinary,remarkable,5,4,,
4646,hard,severe,1,2,,
4650,despotic,authoritarian,3,6,,
4654,bloody,damn,2,1,,
4655,close,faithful,1,2,,
4657,pensive,meditative,2,4,,
4658,vital,viable,2,3,,
4659,rare,singular,1,3,,
4661,low,simple,1,2,,
4665,relevant,relative,3,3,,
4666,sacred,dedicated,2,4,,
4667,fantastic,grotesque,3,2,,
4668,external,outside,3,2,,
4669,kind,gracious,1,2,,
4671,archeological,archaeological,6,6,,
4672,sneaky,underhanded,2,4,,
4673,prime,primary,1,3,,
4674,beautiful,lovely,3,2,,
4678,immediate,prompt,4,1,,
4682,small,soft,1,1,,
4683,adequate,suitable,3,3,,
4685,merry,joyous,2,2,,
4689,unfeeling,cold,3,1,,
4691,ready,quick,2,1,,
4693,sharp,keen,1,1,,
4694,bright,sunny,1,2,,
4702,hazardous,dangerous,3,3,,
4704,flat,vocal,1,2,,
4709,internal,inside,3,2,,
4710,incorrect,improper,3,3,,
4712,strong,stiff,1,1,,
4718,mental,subjective,2,3,,
4719,plain,level,1,2,,
4721,airy,delicate,2,3,,
4722,customary,habitual,4,4,,
4723,ventral,abdominal,2,4,,
4728,imaginable,conceivable,5,4,,
4730,wholesome,sound,2,1,,
4732,affluent,rich,3,1,,
4734,free,frank,1,1,,
4736,fine,thin,1,1,,
4737,towering,high,3,1,,
4738,slow,gradual,1,3,,
4742,moderate,decent,3,2,,
4745,vulgar,coarse,2,1,,
4749,incapable,unfit,4,2,,
4750,ingenious,clever,3,2,,
4751,constitutional,inherent,5,3,,
4753,red,magenta,1,3,,
4755,stagnant,dead,2,1,,
4757,vigilant,watchful,3,2,,
4764,nonsensical,meaningless,4,3,,
4765,brutal,unrelenting,2,4,,
4766,vast,wide,1,1,,
4767,royal,imperial,2,4,,
4771,impure,filthy,2,2,,
4772,aware,mindful,2,2,,
4774,narrow,accurate,2,3,,
4777,true,exact,1,2,,
4778,abrupt,sharp,2,1,,
4780,deputy,vice,3,1,,
4783,good,useful,1,2,,
4784,organic,structural,3,3,,
4788,overbearing,arrogant,4,3,,
4790,honest,open,2,2,,
4791,royal,purple,2,2,,
4792,earthly,low,2,1,,
4793,gentle,docile,2,2,,
4794,brave,fearless,1,2,,
4795,dangerous,perilous,3,3,,
4797,desirable,pleasing,4,2,,
4798,murky,dark,2,1,,
4800,quick,fresh,1,1,,
4801,characteristic,peculiar,5,3,,
4806,unwarranted,unjustified,4,4,,
4807,round,large,1,1,,
4808,unbiased,impartial,3,3,,
4811,apparent,obvious,3,3,,
4814,sassy,wise,2,1,,
4815,lenient,soft,3,1,,
4816,religious,devotional,3,4,,
4820,truthful,reliable,2,4,,
4821,denominational,sectarian,6,4,,
4824,small,lowly,1,2,,
4826,gross,obscene,1,2,,
4829,ingenious,subtle,3,2,,
4830,enthusiastic,ardent,5,2,,
4831,mandatory,compulsory,4,4,,
4832,like,probable,1,3,,
4833,gorgeous,beautiful,2,3,,
4834,passive,peaceful,2,2,,
4835,positive,confident,3,3,,
4838,promiscuous,common,3,2,,
4839,inflammable,flammable,4,3,,
4840,impregnable,strong,4,1,,
4842,economic,economical,4,5,,
4843,unfair,prejudiced,2,3,,
4844,new,renovated,1,4,,
4845,oddball,eccentric,2,3,,
4849,customary,usual,4,3,,
4852,fiery,passionate,3,3,,
4854,severe,violent,2,3,,
4859,noble,renowned,2,2,,
4863,serial,consecutive,3,4,,
4864,husky,strong,2,1,,
4865,exquisite,beautiful,3,3,,
4866,novel,unusual,2,4,,
4868,maiden,first,2,1,,
4869,spurious,false,3,1,,
4870,readable,interesting,3,3,,
4876,fissile,fissionable,2,4,,
4877,juicy,fat,2,1,,
4879,angry,exasperated,2,5,,
4880,proper,particular,2,4,,
4882,odd,whimsical,1,3,,
4888,unobstructed,free,4,1,,
4889,external,accidental,3,4,,
4890,easygoing,easy,4,2,,
4892,full,total,1,2,,
4894,shaggy,rough,2,1,,
4897,sovereign,autonomous,2,4,,
4899,raw,natural,1,3,,
4900,peaceful,passive,2,2,,
4901,intimate,friendly,3,2,,
4903,fair,candid,1,2,,
4904,invasive,aggressive,3,3,,
4906,original,radical,4,3,,
4908,pungent,sharp,2,1,,
4909,mid,middle,1,2,,
4910,qualified,eligible,3,4,,
4912,bright,luminous,1,3,,
4913,strict,tight,1,1,,
4915,good,considerable,1,5,,
4919,hairy,woolly,2,2,,
4920,concerned,interested,2,3,,
4923,incomprehensible,unintelligible,6,6,,
4927,quick,active,1,2,,
4930,sole,alone,1,2,,
4932,clear,serene,1,2,,
4936,poor,unfavorable,1,5,,
4938,moot,irrelevant,1,4,,
4939,helpful,useful,2,2,,
4940,popular,plain,3,1,,
4944,trite,commonplace,1,3,,
4945,raw,inexperienced,1,5,,
4946,brown,smoky,1,2,,
4948,compatible,suitable,4,3,,
4951,solid,valid,2,2,,
4952,spiritual,divine,4,2,,
4953,crooked,bent,2,1,,
4954,versatile,various,3,3,,
4955,august,noble,2,2,,
4956,maritime,nautical,3,3,,
4957,global,broad,2,1,,
4959,vernacular,common,4,2,,
4960,posterior,hind,4,1,,
4963,cheesy,cheap,2,1,,
4964,unsafe,dangerous,2,3,,
4965,operative,functional,4,3,,
4966,senior,elderly,2,3,,
4970,fair,pale,1,1,,
4972,idle,useless,2,2,,
4973,side,long,1,1,,
4974,bright,cheery,1,2,,
4976,undivided,entire,4,3,,
4977,heterogeneous,diverse,5,2,,
4981,bare,stark,1,1,,
4982,excellent,prime,3,1,,
4985,ingenuous,innocent,4,3,,
4986,armed,equipped,1,2,,
4987,wicked,malicious,2,3,,
4990,whimsical,fantastic,3,3,,
4998,generous,honorable,3,4,,
5004,inimitable,unique,5,2,,
5005,economic,domestic,4,3,,
5008,near,present,1,2,,
5009,bad,faulty,1,2,,
5011,dangerous,nice,3,1,,
5013,foreign,distant,2,2,,
5015,uncommon,infrequent,3,3,,
5021,blue,gloomy,1,2,,
5022,crude,rough,1,1,,
5026,victorious,triumphant,4,3,,
5027,polite,cultured,2,2,,
5031,distinct,prominent,2,3,,
5033,distinguished,conspicuous,3,4,,
5041,foreign,exotic,2,3,,
5042,frank,free,1,1,,
5045,open,candid,2,2,,
5047,rowdy,rough,2,1,,
5049,intrinsic,natural,3,3,,
5051,funny,grotesque,2,2,,
5052,barren,bleak,2,1,,
5054,fatal,fateful,2,2,,
5057,impotent,weak,3,1,,
5060,impure,unclean,2,2,,
5061,autocratic,authoritarian,4,6,,
5062,sour,rancid,2,2,,
5063,affable,genial,3,2,,
5064,docile,gentle,2,2,,
5066,carefree,happy,2,2,,
5068,mixed,assorted,1,3,,
5070,devoted,zealous,3,2,,
5071,interrupted,irregular,4,4,,
5073,nimble,agile,2,2,,
5075,educated,cultured,4,2,,
5078,solid,satisfying,2,4,,
5079,prime,most,1,1,,
5080,expert,technical,2,3,,
5082,sterile,unproductive,2,4,,
5083,damaging,negative,3,3,,
5084,strong,energetic,1,4,,
5089,mercantile,commercial,3,3,,
5090,sorry,mean,2,1,,
5094,morbid,black,2,1,,
5097,positive,real,3,1,,
5098,equal,equitable,2,4,,
5099,armored,mechanized,2,3,,
5101,distinguished,special,3,2,,
5103,gentle,peaceful,2,2,,
5106,permanent,lasting,3,2,,
5108,willowy,graceful,3,2,,
5109,naked,raw,2,1,,
5113,first,principal,1,3,,
5115,fine,beautiful,1,3,,
5118,cumbersome,difficult,3,3,,
5123,unimportant,small,4,1,,
5128,former,erstwhile,2,2,,
5130,rudimentary,initial,5,3,,
5131,blue,drab,1,1,,
5134,bloody,murderous,2,3,,
5135,dirty,mean,2,1,,
5136,noisy,turbulent,2,3,,
5137,beautiful,elegant,3,3,,
5138,skillful,good,2,1,,
5141,drab,blue,1,1,,
5142,additional,supplementary,4,5,,
5143,poisonous,toxic,3,2,,
5146,glorious,praiseworthy,3,3,,
5147,nonsensical,ridiculous,4,4,,
5148,upset,determined,2,3,,
5149,costly,expensive,2,3,,
5150,local,topical,2,3,,
5151,dirty,vile,2,1,,
5152,earnest,solemn,2,2,,
5154,smart,wise,1,1,,
5155,embarrassed,mortified,3,3,,
5156,famous,heroic,2,3,,
5157,allergic,hypersensitive,3,5,,
5161,metallic,basic,3,2,,
5162,wistful,melancholy,2,4,,
5164,sudden,quick,2,1,,
5165,white,pure,1,1,,
5166,amusing,witty,3,2,,
5167,hardy,robust,2,2,,
5168,unique,singular,2,3,,
5169,cool,deliberate,1,4,,
5170,eccentric,bizarre,3,2,,
5172,authentic,authoritative,3,5,,
5173,helical,spiral,3,2,,
5174,disciplinary,corrective,5,3,,
5175,first,chief,1,1,,
5176,dishonest,untrustworthy,3,4,,
5178,strong,firm,1,1,,
5179,slow,boring,1,2,,
5180,spiritual,inward,4,2,,
5183,dry,keen,1,1,,
5184,vicious,corrupt,2,2,,
5186,abnormal,unusual,3,4,,
5189,malicious,envious,3,3,,
5194,luxurious,opulent,4,3,,
5196,unpretentious,understated,4,4,,
5197,gradual,slow,3,1,,
5198,barren,empty,2,2,,
5203,regular,systematic,3,4,,
5204,dishonest,corrupt,3,2,,
5209,comprehensive,wide,4,1,,
5211,comical,comic,3,2,,
5213,poor,indigent,1,3,,
5217,experienced,expert,4,2,,
5219,slender,moderate,2,3,,
5222,fair,handsome,1,2,,
5223,noteworthy,remarkable,3,4,,
5224,particular,separate,4,3,,
5226,funny,comic,2,2,,
5228,peculiar,strange,3,1,,
5230,cold,frozen,1,2,,
5233,original,primitive,4,3,,
5234,actual,factual,3,3,,
5235,northerly,northern,3,2,,
5239,aboriginal,indigenous,5,4,,
5240,symmetrical,regular,4,3,,
5242,crude,primitive,1,3,,
5245,robust,hardy,2,2,,
5247,agreeable,pleasing,4,2,,
5249,lively,vivacious,2,3,,
5251,malevolent,black,4,1,,
5252,separate,individual,3,5,,
5257,tacky,cheap,2,1,,
5258,frosty,cold,2,1,,
5262,unfair,biased,2,2,,
5266,periodic,occasional,4,4,,
5267,powerless,weak,3,1,,
5268,actual,active,3,2,,
5274,high,honorable,1,4,,
5275,outlandish,foreign,3,2,,
5276,raw,green,1,1,,
5277,smooth,mild,1,1,,
5281,steady,uniform,2,3,,
5283,upset,disturbed,2,2,,
5284,stupid,flat,2,1,,
5286,inhuman,cold,3,1,,
5288,plutonic,igneous,3,3,,
5293,terrible,frightful,3,2,,
5294,gross,great,1,1,,
5296,convertible,interchangeable,4,5,,
5297,economical,economic,5,4,,
5298,pleasant,merry,2,2,,
5299,discordant,harsh,3,1,,
5300,disgusting,foul,3,1,,
5303,crystalline,pure,3,1,,
5304,rough,uncut,1,2,,
5307,unkempt,shaggy,2,2,,
5308,bright,evident,1,3,,
5310,indecent,obscene,3,2,,
5311,desolate,barren,3,2,,
5313,violent,furious,3,3,,
5314,autonomous,sovereign,4,2,,
5315,obsolete,extinct,3,2,,
5319,shady,dark,2,1,,
5322,local,provincial,2,3,,
5323,ruinous,decayed,3,2,,
5324,incomplete,partial,3,2,,
5329,spiritual,holy,4,2,,
5332,just,fair,1,1,,
5333,astute,shrewd,2,1,,
5336,notorious,renowned,4,2,,
5338,eligible,suitable,4,3,,
5339,sensible,intelligent,3,4,,
5344,brutal,barbarous,2,3,,
5345,sick,twisted,1,2,,
5348,wretched,poor,2,1,,
5351,hebrew,jewish,2,2,,
5352,inert,lifeless,2,2,,
5353,wicked,dangerous,2,3,,
5355,unresolved,open,3,2,,
5356,horizontal,flat,4,1,,
5359,uncommon,strange,3,1,,
5360,artificial,false,4,1,,
5361,brutal,bestial,2,2,,
5362,blunt,candid,1,2,,
5363,sure,reliable,1,4,,
5368,prime,select,1,2,,
5371,dictatorial,authoritarian,5,6,,
5373,slick,sleek,1,1,,
5376,vindictive,nasty,3,2,,
5379,pure,true,1,1,,
5382,happy,contented,2,3,,
5385,solemn,formal,2,2,,
5387,serious,weighty,3,2,,
5389,wanton,lascivious,2,4,,
5391,extensive,nationwide,3,3,,
5392,plentiful,rich,3,1,,
5394,chinese,taiwanese,2,3,,
5395,distinct,different,2,3,,
5397,ardent,zealous,2,2,,
5398,ready,near,2,1,,
5399,lovely,beautiful,2,3,,
5400,confident,positive,3,3,,
5403,general,worldwide,3,2,,
5404,good,skillful,1,2,,
5406,invalid,weak,3,1,,
5407,respectful,reverential,3,4,,
5408,intentional,willful,4,2,,
5409,miscellaneous,various,5,3,,
5410,stocky,thick,2,1,,
5414,spirited,active,3,2,,
5420,missing,absent,2,2,,
5423,dependent,subordinate,3,4,,
5424,back,posterior,1,4,,
5427,new,young,1,1,,
5430,singular,single,3,2,,
5432,immediate,quick,4,1,,
5436,despotic,arbitrary,3,4,,
5437,robust,muscular,2,3,,
5438,accessible,open,4,2,,
5442,yellow,drab,2,1,,
5444,supplemental,additional,4,4,,
5447,big,bulky,1,2,,
